,l_a,H_b,f_H,alpha,beta,phi_f,f_aqt,l_conf,N_aqt,N_pal,s_pal,Kh_aqf,Kv_aqt,f_Kh_pal,Kh_Kv,N_chan,f_chan,l_surf_end,l_tra,t_tra,R,n,a_l
0,0.3,1000.0,0.26666666666666666,0.001,0.0001,0.39269908169872414,0.3,0.6666666666666666,0,7,0.6666666666666666,15.874010519682,1e-06,0.6666666666666666,21.544346900318832,5,4.641588833612778,0.6666666666666666,0.5,7.0,0.002,0.2,10.0
1,0.3,1000.0,0.26666666666666666,0.001,0.0001,0.39269908169872414,0.3,0.6666666666666666,0,1,0.6666666666666666,15.874010519682,1e-06,0.6666666666666666,21.544346900318832,5,4.641588833612778,0.6666666666666666,0.5,7.0,0.002,0.2,10.0
2,0.3,1000.0,0.26666666666666666,0.001,0.0001,0.39269908169872414,0.3,0.6666666666666666,0,1,0.6666666666666666,15.874010519682,1e-06,0.6666666666666666,21.544346900318832,5,4.641588833612778,0.6666666666666666,0.5,9.0,0.002,0.2,10.0
3,0.3,1000.0,0.26666666666666666,0.001,0.0001,0.39269908169872414,0.7,0.6666666666666666,0,1,0.6666666666666666,15.874010519682,1e-06,0.6666666666666666,21.544346900318832,5,4.641588833612778,0.6666666666666666,0.5,9.0,0.002,0.2,10.0
4,0.3,1000.0,0.26666666666666666,0.001,0.0001,0.39269908169872414,0.7,0.0,0,1,0.6666666666666666,15.874010519682,1e-06,0.6666666666666666,21.544346900318832,5,4.641588833612778,0.6666666666666666,0.5,9.0,0.002,0.2,10.0
5,0.3,169.84992522418108,0.26666666666666666,0.001,0.0001,0.39269908169872414,0.7,0.0,0,1,0.6666666666666666,15.874010519682,1e-06,0.6666666666666666,21.544346900318832,5,4.641588833612778,0.6666666666666666,0.5,9.0,0.002,0.2,10.0
6,0.3,169.84992522418108,0.26666666666666666,0.001,0.0001,0.39269908169872414,0.7,0.0,0,1,0.6666666666666666,15.874010519682,0.0021544346900318843,0.6666666666666666,21.544346900318832,5,4.641588833612778,0.6666666666666666,0.5,9.0,0.002,0.2,10.0
7,0.3,169.84992522418108,0.26666666666666666,0.001,0.0001,0.39269908169872414,0.7,0.0,2,1,0.6666666666666666,15.874010519682,0.0021544346900318843,0.6666666666666666,21.544346900318832,5,4.641588833612778,0.6666666666666666,0.5,9.0,0.002,0.2,10.0
8,0.3,169.84992522418108,0.26666666666666666,0.001,0.001169607095285146,0.39269908169872414,0.7,0.0,2,1,0.6666666666666666,15.874010519682,0.0021544346900318843,0.6666666666666666,21.544346900318832,5,4.641588833612778,0.6666666666666666,0.5,9.0,0.002,0.2,10.0
9,0.6333333333333333,169.84992522418108,0.26666666666666666,0.001,0.001169607095285146,0.39269908169872414,0.7,0.0,2,1,0.6666666666666666,15.874010519682,0.0021544346900318843,0.6666666666666666,21.544346900318832,5,4.641588833612778,0.6666666666666666,0.5,9.0,0.002,0.2,10.0
10,0.6333333333333333,169.84992522418108,0.26666666666666666,0.001,0.001169607095285146,0.39269908169872414,0.7,0.0,2,1,0.6666666666666666,15.874010519682,0.0021544346900318843,0.6666666666666666,21.544346900318832,5,1.0,0.6666666666666666,0.5,9.0,0.002,0.2,10.0
11,0.6333333333333333,169.84992522418108,0.26666666666666666,0.001,0.001169607095285146,0.39269908169872414,0.7,0.0,2,1,0.6666666666666666,0.1,0.0021544346900318843,0.6666666666666666,21.544346900318832,5,1.0,0.6666666666666666,0.5,9.0,0.002,0.2,10.0
12,0.6333333333333333,169.84992522418108,0.26666666666666666,0.001,0.001169607095285146,1.1780972450961724,0.7,0.0,2,1,0.6666666666666666,0.1,0.0021544346900318843,0.6666666666666666,21.544346900318832,5,1.0,0.6666666666666666,0.5,9.0,0.002,0.2,10.0
13,0.6333333333333333,169.84992522418108,0.8,0.001,0.001169607095285146,1.1780972450961724,0.7,0.0,2,1,0.6666666666666666,0.1,0.0021544346900318843,0.6666666666666666,21.544346900318832,5,1.0,0.6666666666666666,0.5,9.0,0.002,0.2,10.0
14,0.6333333333333333,169.84992522418108,0.8,0.001,0.001169607095285146,1.1780972450961724,0.7,0.0,2,1,0.6666666666666666,0.1,0.0021544346900318843,0.0,21.544346900318832,5,1.0,0.6666666666666666,0.5,9.0,0.002,0.2,10.0
15,0.6333333333333333,169.84992522418108,0.8,0.001,0.001169607095285146,1.1780972450961724,0.7,0.0,2,1,0.6666666666666666,0.1,0.0021544346900318843,0.0,21.544346900318832,1,1.0,0.6666666666666666,0.5,9.0,0.002,0.2,10.0
16,0.6333333333333333,169.84992522418108,0.8,0.001,0.001169607095285146,1.1780972450961724,0.7,0.0,2,1,0.6666666666666666,0.1,0.0021544346900318843,0.0,21.544346900318832,1,1.0,0.6666666666666666,0.5,9.0,0.002,0.2,0.8576958985908941
17,0.6333333333333333,169.84992522418108,0.8,4.641588833612782e-05,0.001169607095285146,1.1780972450961724,0.7,0.0,2,1,0.6666666666666666,0.1,0.0021544346900318843,0.0,21.544346900318832,1,1.0,0.6666666666666666,0.5,9.0,0.002,0.2,0.8576958985908941
18,0.6333333333333333,169.84992522418108,0.8,4.641588833612782e-05,0.001169607095285146,1.1780972450961724,0.7,0.0,2,1,0.0,0.1,0.0021544346900318843,0.0,21.544346900318832,1,1.0,0.6666666666666666,0.5,9.0,0.002,0.2,0.8576958985908941
19,0.6333333333333333,169.84992522418108,0.8,4.641588833612782e-05,0.001169607095285146,1.1780972450961724,0.7,0.0,2,1,0.0,0.1,0.0021544346900318843,0.0,21.544346900318832,1,1.0,0.0,0.5,9.0,0.002,0.2,0.8576958985908941
20,0.6333333333333333,169.84992522418108,0.8,4.641588833612782e-05,0.001169607095285146,1.1780972450961724,0.7,0.0,2,1,0.0,0.1,0.0021544346900318843,0.0,1.0,1,1.0,0.0,0.5,9.0,0.002,0.2,0.8576958985908941
21,0.6333333333333333,169.84992522418108,0.8,4.641588833612782e-05,0.001169607095285146,1.1780972450961724,0.7,0.0,2,1,0.0,0.1,0.0021544346900318843,0.0,1.0,1,1.0,0.0,1.0,9.0,0.002,0.2,0.8576958985908941
22,0.6333333333333333,169.84992522418108,0.8,4.641588833612782e-05,0.001169607095285146,1.1780972450961724,0.7,0.0,2,1,0.0,0.1,0.0021544346900318843,0.0,1.0,1,1.0,0.0,1.0,9.0,0.0006666666666666666,0.2,0.8576958985908941
23,0.6333333333333333,169.84992522418108,0.8,4.641588833612782e-05,0.001169607095285146,1.1780972450961724,0.7,0.0,2,1,0.0,0.1,0.0021544346900318843,0.0,1.0,1,1.0,0.0,1.0,9.0,0.0006666666666666666,0.4,0.8576958985908941
24,0.6333333333333333,1000.0,0.8,0.001,0.00034199518933533934,1.5707963267948966,0.1,1.0,10,4,0.6666666666666666,1.2599210498948734,1e-06,1.0,21.544346900318832,3,1.0,0.0,0.75,9.0,0.0,0.1,2.9286445646252366
25,0.6333333333333333,1000.0,0.26666666666666666,0.001,0.00034199518933533934,1.5707963267948966,0.1,1.0,10,4,0.6666666666666666,1.2599210498948734,1e-06,1.0,21.544346900318832,3,1.0,0.0,0.75,9.0,0.0,0.1,2.9286445646252366
26,0.6333333333333333,1000.0,0.26666666666666666,0.001,0.00034199518933533934,1.5707963267948966,0.1,1.0,10,4,0.6666666666666666,1.2599210498948734,1e-06,1.0,21.544346900318832,7,1.0,0.0,0.75,9.0,0.0,0.1,2.9286445646252366
27,0.6333333333333333,1000.0,0.26666666666666666,0.001,0.00034199518933533934,1.5707963267948966,0.1,0.3333333333333333,10,4,0.6666666666666666,1.2599210498948734,1e-06,1.0,21.544346900318832,7,1.0,0.0,0.75,9.0,0.0,0.1,2.9286445646252366
28,0.6333333333333333,1000.0,0.26666666666666666,0.001,0.004000000000000001,1.5707963267948966,0.1,0.3333333333333333,10,4,0.6666666666666666,1.2599210498948734,1e-06,1.0,21.544346900318832,7,1.0,0.0,0.75,9.0,0.0,0.1,2.9286445646252366
29,0.6333333333333333,1000.0,0.26666666666666666,0.001,0.004000000000000001,1.5707963267948966,0.1,0.3333333333333333,10,10,0.6666666666666666,1.2599210498948734,1e-06,1.0,21.544346900318832,7,1.0,0.0,0.75,9.0,0.0,0.1,2.9286445646252366
30,0.6333333333333333,1000.0,0.26666666666666666,0.001,0.004000000000000001,1.5707963267948966,0.1,0.3333333333333333,10,10,0.6666666666666666,1.2599210498948734,1e-06,1.0,21.544346900318832,7,1.0,0.0,0.75,9.0,0.0013333333333333333,0.1,2.9286445646252366
31,0.6333333333333333,1000.0,0.26666666666666666,0.001,0.004000000000000001,1.5707963267948966,0.1,0.3333333333333333,10,10,0.6666666666666666,1.2599210498948734,1e-06,1.0,21.544346900318832,7,1.0,0.6666666666666666,0.75,9.0,0.0013333333333333333,0.1,2.9286445646252366
32,0.6333333333333333,1000.0,0.26666666666666666,0.001,0.004000000000000001,1.5707963267948966,0.1,0.3333333333333333,10,10,0.6666666666666666,200.00000000000003,1e-06,1.0,21.544346900318832,7,1.0,0.6666666666666666,0.75,9.0,0.0013333333333333333,0.1,2.9286445646252366
33,0.3,1000.0,0.26666666666666666,0.001,0.004000000000000001,1.5707963267948966,0.1,0.3333333333333333,10,10,0.6666666666666666,200.00000000000003,1e-06,1.0,21.544346900318832,7,1.0,0.6666666666666666,0.75,9.0,0.0013333333333333333,0.1,2.9286445646252366
34,0.3,1000.0,0.26666666666666666,0.001,0.004000000000000001,1.5707963267948966,0.1,0.3333333333333333,3,10,0.6666666666666666,200.00000000000003,1e-06,1.0,21.544346900318832,7,1.0,0.6666666666666666,0.75,9.0,0.0013333333333333333,0.1,2.9286445646252366
35,0.3,1000.0,0.26666666666666666,0.001,0.004000000000000001,1.5707963267948966,0.1,0.3333333333333333,3,10,0.6666666666666666,200.00000000000003,1e-06,0.3333333333333333,21.544346900318832,7,1.0,0.6666666666666666,0.75,9.0,0.0013333333333333333,0.1,2.9286445646252366
36,0.3,1000.0,0.26666666666666666,0.001,0.004000000000000001,1.5707963267948966,0.5,0.3333333333333333,3,10,0.6666666666666666,200.00000000000003,1e-06,0.3333333333333333,21.544346900318832,7,1.0,0.6666666666666666,0.75,9.0,0.0013333333333333333,0.1,2.9286445646252366
37,0.3,1000.0,0.26666666666666666,0.001,0.004000000000000001,1.5707963267948966,0.5,0.3333333333333333,3,10,0.6666666666666666,200.00000000000003,1e-06,0.3333333333333333,21.544346900318832,7,4.641588833612778,0.6666666666666666,0.75,9.0,0.0013333333333333333,0.1,2.9286445646252366
38,0.3,1000.0,0.26666666666666666,0.001,0.004000000000000001,1.5707963267948966,0.5,0.3333333333333333,3,10,0.6666666666666666,200.00000000000003,1e-06,0.3333333333333333,21.544346900318832,7,4.641588833612778,0.6666666666666666,0.75,9.0,0.0013333333333333333,0.1,0.251188643150958
39,0.3,1000.0,0.26666666666666666,0.001,0.004000000000000001,0.7853981633974483,0.5,0.3333333333333333,3,10,0.6666666666666666,200.00000000000003,1e-06,0.3333333333333333,21.544346900318832,7,4.641588833612778,0.6666666666666666,0.75,9.0,0.0013333333333333333,0.1,0.251188643150958
40,0.3,1000.0,0.26666666666666666,0.001,0.004000000000000001,0.7853981633974483,0.5,0.3333333333333333,3,10,0.6666666666666666,200.00000000000003,1e-06,0.3333333333333333,21.544346900318832,7,4.641588833612778,0.6666666666666666,0.75,9.0,0.0013333333333333333,0.30000000000000004,0.251188643150958
41,0.3,1000.0,0.26666666666666666,0.001,0.004000000000000001,0.7853981633974483,0.5,0.3333333333333333,3,10,0.6666666666666666,200.00000000000003,1e-06,0.3333333333333333,21.544346900318832,7,4.641588833612778,0.6666666666666666,0.75,7.0,0.0013333333333333333,0.30000000000000004,0.251188643150958
42,0.3,169.84992522418108,0.26666666666666666,0.001,0.004000000000000001,0.7853981633974483,0.5,0.3333333333333333,1,10,0.6666666666666666,200.00000000000003,1e-06,0.3333333333333333,21.544346900318832,7,4.641588833612778,0.6666666666666666,0.75,7.0,0.0013333333333333333,0.30000000000000004,0.251188643150958
43,0.3,169.84992522418108,0.26666666666666666,0.001,0.004000000000000001,0.7853981633974483,0.5,0.3333333333333333,1,10,0.6666666666666666,200.00000000000003,1e-06,0.3333333333333333,21.544346900318832,7,4.641588833612778,0.6666666666666666,0.25,7.0,0.0013333333333333333,0.30000000000000004,0.251188643150958
44,0.3,169.84992522418108,0.26666666666666666,0.001,0.004000000000000001,0.7853981633974483,0.5,0.3333333333333333,1,10,0.0,200.00000000000003,1e-06,0.3333333333333333,21.544346900318832,7,4.641588833612778,0.6666666666666666,0.25,7.0,0.0013333333333333333,0.30000000000000004,0.251188643150958
45,0.3,169.84992522418108,0.26666666666666666,0.001,0.004000000000000001,0.7853981633974483,0.5,0.3333333333333333,1,10,0.0,200.00000000000003,0.0021544346900318843,0.3333333333333333,21.544346900318832,7,4.641588833612778,0.6666666666666666,0.25,7.0,0.0013333333333333333,0.30000000000000004,0.251188643150958
46,0.3,169.84992522418108,0.26666666666666666,0.001,0.004000000000000001,0.7853981633974483,0.5,0.3333333333333333,1,10,0.0,200.00000000000003,0.0021544346900318843,0.3333333333333333,1.0,7,4.641588833612778,0.6666666666666666,0.25,7.0,0.0013333333333333333,0.30000000000000004,0.251188643150958
47,0.3,169.84992522418108,0.26666666666666666,4.641588833612782e-05,0.004000000000000001,0.7853981633974483,0.5,0.3333333333333333,1,10,0.0,200.00000000000003,0.0021544346900318843,0.3333333333333333,1.0,7,4.641588833612778,0.6666666666666666,0.25,7.0,0.0013333333333333333,0.30000000000000004,0.251188643150958
48,0.8,169.84992522418108,0.0,0.00021544346900318823,0.004000000000000001,1.1780972450961724,0.7,0.0,3,4,0.0,200.00000000000003,0.0021544346900318843,0.0,100.0,5,10.0,0.0,0.25,9.0,0.0006666666666666666,0.2,0.251188643150958
49,0.8,169.84992522418108,0.0,0.00021544346900318823,0.004000000000000001,1.1780972450961724,0.7,0.0,3,4,0.6666666666666666,200.00000000000003,0.0021544346900318843,0.0,100.0,5,10.0,0.0,0.25,9.0,0.0006666666666666666,0.2,0.251188643150958
50,0.8,169.84992522418108,0.0,0.00021544346900318823,0.004000000000000001,1.1780972450961724,0.7,0.6666666666666666,3,4,0.6666666666666666,200.00000000000003,0.0021544346900318843,0.0,100.0,5,10.0,0.0,0.25,9.0,0.0006666666666666666,0.2,0.251188643150958
51,0.4666666666666667,169.84992522418108,0.0,0.00021544346900318823,0.004000000000000001,1.1780972450961724,0.7,0.6666666666666666,3,4,0.6666666666666666,200.00000000000003,0.0021544346900318843,0.0,100.0,5,10.0,0.0,0.25,9.0,0.0006666666666666666,0.2,0.251188643150958
52,0.4666666666666667,169.84992522418108,0.0,0.00021544346900318823,0.004000000000000001,0.39269908169872414,0.7,0.6666666666666666,3,4,0.6666666666666666,200.00000000000003,0.0021544346900318843,0.0,100.0,5,10.0,0.0,0.25,9.0,0.0006666666666666666,0.2,0.251188643150958
53,0.4666666666666667,169.84992522418108,0.0,0.00021544346900318823,0.004000000000000001,0.39269908169872414,0.7,0.6666666666666666,3,4,0.6666666666666666,200.00000000000003,0.0021544346900318843,0.0,100.0,5,10.0,0.0,0.25,9.0,0.0006666666666666666,0.4,0.251188643150958
54,0.4666666666666667,169.84992522418108,0.5333333333333333,0.00021544346900318823,0.004000000000000001,0.39269908169872414,0.7,0.6666666666666666,3,4,0.6666666666666666,200.00000000000003,0.0021544346900318843,0.0,100.0,5,10.0,0.0,0.25,9.0,0.0006666666666666666,0.4,0.251188643150958
55,0.4666666666666667,169.84992522418108,0.5333333333333333,0.00021544346900318823,0.004000000000000001,0.39269908169872414,0.7,0.6666666666666666,3,4,0.6666666666666666,200.00000000000003,0.0021544346900318843,0.0,100.0,5,10.0,0.6666666666666666,0.25,9.0,0.0006666666666666666,0.4,0.251188643150958
56,0.4666666666666667,169.84992522418108,0.5333333333333333,1e-05,0.004000000000000001,0.39269908169872414,0.7,0.6666666666666666,3,4,0.6666666666666666,200.00000000000003,0.0021544346900318843,0.0,100.0,5,10.0,0.6666666666666666,0.25,9.0,0.0006666666666666666,0.4,0.251188643150958
57,0.4666666666666667,169.84992522418108,0.5333333333333333,1e-05,0.004000000000000001,0.39269908169872414,0.7,0.6666666666666666,1,4,0.6666666666666666,200.00000000000003,0.0021544346900318843,0.0,100.0,5,10.0,0.6666666666666666,0.25,9.0,0.0006666666666666666,0.4,0.251188643150958
58,0.4666666666666667,169.84992522418108,0.5333333333333333,1e-05,0.004000000000000001,0.39269908169872414,0.3,0.6666666666666666,1,4,0.6666666666666666,200.00000000000003,0.0021544346900318843,0.0,100.0,5,10.0,0.6666666666666666,0.25,9.0,0.0006666666666666666,0.4,0.251188643150958
59,0.4666666666666667,169.84992522418108,0.5333333333333333,1e-05,0.004000000000000001,0.39269908169872414,0.3,0.6666666666666666,1,4,0.6666666666666666,200.00000000000003,0.0021544346900318843,0.0,100.0,5,10.0,0.6666666666666666,0.25,9.0,0.002,0.4,0.251188643150958
60,0.4666666666666667,169.84992522418108,0.5333333333333333,1e-05,0.004000000000000001,0.39269908169872414,0.3,0.6666666666666666,1,4,0.6666666666666666,200.00000000000003,0.0021544346900318843,0.0,100.0,5,10.0,0.6666666666666666,0.75,9.0,0.002,0.4,0.251188643150958
61,0.4666666666666667,169.84992522418108,0.5333333333333333,1e-05,0.004000000000000001,0.39269908169872414,0.3,0.6666666666666666,1,4,0.6666666666666666,200.00000000000003,0.0021544346900318843,0.0,100.0,5,2.154434690031884,0.6666666666666666,0.75,9.0,0.002,0.4,0.251188643150958
62,0.4666666666666667,169.84992522418108,0.5333333333333333,1e-05,0.004000000000000001,0.39269908169872414,0.3,0.6666666666666666,1,4,0.6666666666666666,200.00000000000003,0.0021544346900318843,0.0,100.0,1,2.154434690031884,0.6666666666666666,0.75,9.0,0.002,0.4,0.251188643150958
63,0.4666666666666667,1000.0,0.5333333333333333,1e-05,0.004000000000000001,0.39269908169872414,0.3,0.6666666666666666,3,4,0.6666666666666666,200.00000000000003,0.0021544346900318843,0.0,100.0,1,2.154434690031884,0.6666666666666666,0.75,9.0,0.002,0.4,0.251188643150958
64,0.4666666666666667,1000.0,0.5333333333333333,1e-05,0.00034199518933533934,0.39269908169872414,0.3,0.6666666666666666,3,4,0.6666666666666666,200.00000000000003,0.0021544346900318843,0.0,100.0,1,2.154434690031884,0.6666666666666666,0.75,9.0,0.002,0.4,0.251188643150958
65,0.4666666666666667,1000.0,0.5333333333333333,1e-05,0.00034199518933533934,0.39269908169872414,0.3,0.6666666666666666,3,4,0.6666666666666666,200.00000000000003,0.0021544346900318843,0.0,100.0,1,2.154434690031884,0.6666666666666666,0.75,9.0,0.002,0.4,2.9286445646252366
66,0.4666666666666667,1000.0,0.5333333333333333,1e-05,0.00034199518933533934,0.39269908169872414,0.3,0.6666666666666666,3,4,0.6666666666666666,200.00000000000003,0.0021544346900318843,0.6666666666666666,100.0,1,2.154434690031884,0.6666666666666666,0.75,9.0,0.002,0.4,2.9286445646252366
67,0.4666666666666667,1000.0,0.5333333333333333,1e-05,0.00034199518933533934,0.39269908169872414,0.3,0.6666666666666666,3,4,0.6666666666666666,1.2599210498948734,0.0021544346900318843,0.6666666666666666,100.0,1,2.154434690031884,0.6666666666666666,0.75,9.0,0.002,0.4,2.9286445646252366
68,0.4666666666666667,1000.0,0.5333333333333333,1e-05,0.00034199518933533934,0.39269908169872414,0.3,0.6666666666666666,3,10,0.6666666666666666,1.2599210498948734,0.0021544346900318843,0.6666666666666666,100.0,1,2.154434690031884,0.6666666666666666,0.75,9.0,0.002,0.4,2.9286445646252366
69,0.4666666666666667,1000.0,0.5333333333333333,1e-05,0.00034199518933533934,0.39269908169872414,0.3,0.6666666666666666,3,10,0.6666666666666666,1.2599210498948734,0.0021544346900318843,0.6666666666666666,4.641588833612778,1,2.154434690031884,0.6666666666666666,0.75,9.0,0.002,0.4,2.9286445646252366
70,0.4666666666666667,1000.0,0.5333333333333333,1e-05,0.00034199518933533934,0.39269908169872414,0.3,0.6666666666666666,3,10,0.6666666666666666,1.2599210498948734,1e-06,0.6666666666666666,4.641588833612778,1,2.154434690031884,0.6666666666666666,0.75,9.0,0.002,0.4,2.9286445646252366
71,0.4666666666666667,1000.0,0.5333333333333333,1e-05,0.00034199518933533934,0.39269908169872414,0.3,0.6666666666666666,3,10,0.6666666666666666,1.2599210498948734,1e-06,0.6666666666666666,4.641588833612778,1,2.154434690031884,0.6666666666666666,0.75,7.0,0.002,0.4,2.9286445646252366
72,0.3,1000.0,0.26666666666666666,1e-05,0.001169607095285146,1.1780972450961724,0.5,0.0,6,10,0.0,0.1,4.641588833612782e-05,0.6666666666666666,1.0,1,4.641588833612778,0.3333333333333333,0.5,6.0,0.0,0.30000000000000004,2.9286445646252366
73,0.3,1000.0,0.26666666666666666,1e-05,0.001169607095285146,0.39269908169872414,0.5,0.0,6,10,0.0,0.1,4.641588833612782e-05,0.6666666666666666,1.0,1,4.641588833612778,0.3333333333333333,0.5,6.0,0.0,0.30000000000000004,2.9286445646252366
74,0.3,1000.0,0.26666666666666666,1e-05,0.001169607095285146,0.39269908169872414,0.5,0.0,6,10,0.0,0.1,4.641588833612782e-05,0.6666666666666666,1.0,1,4.641588833612778,0.3333333333333333,0.5,6.0,0.0,0.1,2.9286445646252366
75,0.3,1000.0,0.26666666666666666,1e-05,0.0001,0.39269908169872414,0.5,0.0,6,10,0.0,0.1,4.641588833612782e-05,0.6666666666666666,1.0,1,4.641588833612778,0.3333333333333333,0.5,6.0,0.0,0.1,2.9286445646252366
76,0.3,1000.0,0.26666666666666666,0.00021544346900318823,0.0001,0.39269908169872414,0.5,0.0,6,10,0.0,0.1,4.641588833612782e-05,0.6666666666666666,1.0,1,4.641588833612778,0.3333333333333333,0.5,6.0,0.0,0.1,2.9286445646252366
77,0.3,1000.0,0.26666666666666666,0.00021544346900318823,0.0001,0.39269908169872414,0.5,0.0,6,10,0.0,0.1,0.1,0.6666666666666666,1.0,1,4.641588833612778,0.3333333333333333,0.5,6.0,0.0,0.1,2.9286445646252366
78,0.6333333333333333,1000.0,0.26666666666666666,0.00021544346900318823,0.0001,0.39269908169872414,0.5,0.0,6,10,0.0,0.1,0.1,0.6666666666666666,1.0,1,4.641588833612778,0.3333333333333333,0.5,6.0,0.0,0.1,2.9286445646252366
79,0.6333333333333333,1000.0,0.26666666666666666,0.00021544346900318823,0.0001,0.39269908169872414,0.5,0.0,6,10,0.6666666666666666,0.1,0.1,0.6666666666666666,1.0,1,4.641588833612778,0.3333333333333333,0.5,6.0,0.0,0.1,2.9286445646252366
80,0.6333333333333333,1000.0,0.26666666666666666,0.00021544346900318823,0.0001,0.39269908169872414,0.5,0.0,6,10,0.6666666666666666,0.1,0.1,0.6666666666666666,1.0,1,4.641588833612778,0.3333333333333333,0.5,6.0,0.0,0.1,0.251188643150958
81,0.6333333333333333,1000.0,0.26666666666666666,0.00021544346900318823,0.0001,0.39269908169872414,0.5,0.0,6,10,0.6666666666666666,15.874010519682,0.1,0.6666666666666666,1.0,1,4.641588833612778,0.3333333333333333,0.5,6.0,0.0,0.1,0.251188643150958
82,0.6333333333333333,1000.0,0.26666666666666666,0.00021544346900318823,0.0001,0.39269908169872414,0.5,0.0,6,10,0.6666666666666666,15.874010519682,0.1,0.6666666666666666,1.0,1,4.641588833612778,0.3333333333333333,1.0,6.0,0.0,0.1,0.251188643150958
83,0.6333333333333333,1000.0,0.8,0.00021544346900318823,0.0001,0.39269908169872414,0.5,0.0,6,10,0.6666666666666666,15.874010519682,0.1,0.6666666666666666,1.0,1,4.641588833612778,0.3333333333333333,1.0,6.0,0.0,0.1,0.251188643150958
84,0.6333333333333333,1000.0,0.8,0.00021544346900318823,0.0001,0.39269908169872414,0.5,0.0,6,10,0.6666666666666666,15.874010519682,0.1,0.6666666666666666,1.0,1,4.641588833612778,0.3333333333333333,1.0,8.0,0.0,0.1,0.251188643150958
85,0.6333333333333333,1000.0,0.8,0.00021544346900318823,0.0001,0.39269908169872414,0.5,0.0,6,10,0.6666666666666666,15.874010519682,0.1,0.0,1.0,1,4.641588833612778,0.3333333333333333,1.0,8.0,0.0,0.1,0.251188643150958
86,0.6333333333333333,1000.0,0.8,0.00021544346900318823,0.0001,0.39269908169872414,0.5,0.0,6,4,0.6666666666666666,15.874010519682,0.1,0.0,1.0,1,4.641588833612778,0.3333333333333333,1.0,8.0,0.0,0.1,0.251188643150958
87,0.6333333333333333,1000.0,0.8,0.00021544346900318823,0.0001,0.39269908169872414,0.5,0.0,0,4,0.6666666666666666,15.874010519682,0.1,0.0,1.0,1,4.641588833612778,0.3333333333333333,1.0,8.0,0.0,0.1,0.251188643150958
88,0.6333333333333333,1000.0,0.8,0.00021544346900318823,0.0001,0.39269908169872414,0.5,0.0,0,4,0.6666666666666666,15.874010519682,0.1,0.0,1.0,1,4.641588833612778,0.3333333333333333,1.0,8.0,0.0013333333333333333,0.1,0.251188643150958
89,0.6333333333333333,1000.0,0.8,0.00021544346900318823,0.0001,0.39269908169872414,0.5,0.0,0,4,0.6666666666666666,15.874010519682,0.1,0.0,1.0,5,4.641588833612778,0.3333333333333333,1.0,8.0,0.0013333333333333333,0.1,0.251188643150958
90,0.6333333333333333,1000.0,0.8,0.00021544346900318823,0.0001,0.39269908169872414,0.5,0.6666666666666666,0,4,0.6666666666666666,15.874010519682,0.1,0.0,1.0,5,4.641588833612778,0.3333333333333333,1.0,8.0,0.0013333333333333333,0.1,0.251188643150958
91,0.6333333333333333,1000.0,0.8,0.00021544346900318823,0.0001,0.39269908169872414,0.1,0.6666666666666666,0,4,0.6666666666666666,15.874010519682,0.1,0.0,1.0,5,4.641588833612778,0.3333333333333333,1.0,8.0,0.0013333333333333333,0.1,0.251188643150958
92,0.6333333333333333,1000.0,0.8,0.00021544346900318823,0.0001,0.39269908169872414,0.1,0.6666666666666666,0,4,0.6666666666666666,15.874010519682,0.1,0.0,1.0,5,1.0,0.3333333333333333,1.0,8.0,0.0013333333333333333,0.1,0.251188643150958
93,0.6333333333333333,1000.0,0.8,0.00021544346900318823,0.0001,0.39269908169872414,0.1,0.6666666666666666,0,4,0.6666666666666666,15.874010519682,0.1,0.0,21.544346900318832,5,1.0,0.3333333333333333,1.0,8.0,0.0013333333333333333,0.1,0.251188643150958
94,0.6333333333333333,1000.0,0.8,0.00021544346900318823,0.0001,0.39269908169872414,0.1,0.6666666666666666,0,4,0.6666666666666666,15.874010519682,0.1,0.0,21.544346900318832,5,1.0,1.0,1.0,8.0,0.0013333333333333333,0.1,0.251188643150958
95,0.6333333333333333,169.84992522418108,0.8,0.00021544346900318823,0.0001,0.39269908169872414,0.1,0.6666666666666666,0,4,0.6666666666666666,15.874010519682,0.1,0.0,21.544346900318832,5,1.0,1.0,1.0,8.0,0.0013333333333333333,0.1,0.251188643150958
96,0.4666666666666667,70.00000000000001,0.0,4.641588833612782e-05,0.0001,0.7853981633974483,0.7,0.6666666666666666,0,10,1.0,1.2599210498948734,0.0021544346900318843,0.0,100.0,7,2.154434690031884,1.0,0.25,9.0,0.0013333333333333333,0.2,10.0
97,0.4666666666666667,70.00000000000001,0.0,4.641588833612782e-05,0.0001,1.5707963267948966,0.7,0.6666666666666666,0,10,1.0,1.2599210498948734,0.0021544346900318843,0.0,100.0,7,2.154434690031884,1.0,0.25,9.0,0.0013333333333333333,0.2,10.0
98,0.4666666666666667,70.00000000000001,0.0,4.641588833612782e-05,0.0001,1.5707963267948966,0.7,0.6666666666666666,0,10,1.0,1.2599210498948734,0.0021544346900318843,0.0,100.0,7,2.154434690031884,1.0,0.25,7.0,0.0013333333333333333,0.2,10.0
99,0.4666666666666667,70.00000000000001,0.0,4.641588833612782e-05,0.0001,1.5707963267948966,0.7,0.6666666666666666,0,10,1.0,1.2599210498948734,0.0021544346900318843,0.0,4.641588833612778,7,2.154434690031884,1.0,0.25,7.0,0.0013333333333333333,0.2,10.0
100,0.4666666666666667,70.00000000000001,0.0,4.641588833612782e-05,0.0001,1.5707963267948966,0.7,0.6666666666666666,0,10,1.0,1.2599210498948734,1e-06,0.0,4.641588833612778,7,2.154434690031884,1.0,0.25,7.0,0.0013333333333333333,0.2,10.0
101,0.4666666666666667,70.00000000000001,0.0,4.641588833612782e-05,0.0001,1.5707963267948966,0.7,0.6666666666666666,0,10,1.0,1.2599210498948734,1e-06,0.0,4.641588833612778,7,2.154434690031884,1.0,0.25,7.0,0.0013333333333333333,0.4,10.0
102,0.4666666666666667,412.1285299808557,0.0,4.641588833612782e-05,0.0001,1.5707963267948966,0.7,0.6666666666666666,0,10,1.0,1.2599210498948734,1e-06,0.0,4.641588833612778,7,2.154434690031884,1.0,0.25,7.0,0.0013333333333333333,0.4,10.0
103,0.4666666666666667,412.1285299808557,0.0,4.641588833612782e-05,0.0001,1.5707963267948966,0.3,0.6666666666666666,0,10,1.0,1.2599210498948734,1e-06,0.0,4.641588833612778,7,2.154434690031884,1.0,0.25,7.0,0.0013333333333333333,0.4,10.0
104,0.4666666666666667,412.1285299808557,0.0,4.641588833612782e-05,0.0001,1.5707963267948966,0.3,0.0,0,10,1.0,1.2599210498948734,1e-06,0.0,4.641588833612778,7,2.154434690031884,1.0,0.25,7.0,0.0013333333333333333,0.4,10.0
105,0.4666666666666667,412.1285299808557,0.0,4.641588833612782e-05,0.001169607095285146,1.5707963267948966,0.3,0.0,0,10,1.0,1.2599210498948734,1e-06,0.0,4.641588833612778,7,2.154434690031884,1.0,0.25,7.0,0.0013333333333333333,0.4,10.0
106,0.4666666666666667,412.1285299808557,0.0,4.641588833612782e-05,0.001169607095285146,1.5707963267948966,0.3,0.0,0,10,1.0,1.2599210498948734,1e-06,0.0,4.641588833612778,7,10.0,1.0,0.25,7.0,0.0013333333333333333,0.4,10.0
107,0.4666666666666667,412.1285299808557,0.0,4.641588833612782e-05,0.001169607095285146,1.5707963267948966,0.3,0.0,0,10,0.3333333333333333,1.2599210498948734,1e-06,0.0,4.641588833612778,7,10.0,1.0,0.25,7.0,0.0013333333333333333,0.4,10.0
108,0.4666666666666667,412.1285299808557,0.0,0.001,0.001169607095285146,1.5707963267948966,0.3,0.0,0,10,0.3333333333333333,1.2599210498948734,1e-06,0.0,4.641588833612778,7,10.0,1.0,0.25,7.0,0.0013333333333333333,0.4,10.0
109,0.4666666666666667,412.1285299808557,0.0,0.001,0.001169607095285146,1.5707963267948966,0.3,0.0,0,10,0.3333333333333333,1.2599210498948734,1e-06,0.0,4.641588833612778,7,10.0,1.0,0.75,7.0,0.0013333333333333333,0.4,10.0
110,0.4666666666666667,412.1285299808557,0.0,0.001,0.001169607095285146,1.5707963267948966,0.3,0.0,0,10,0.3333333333333333,1.2599210498948734,1e-06,0.0,4.641588833612778,7,10.0,1.0,0.75,7.0,0.0,0.4,10.0
111,0.4666666666666667,412.1285299808557,0.0,0.001,0.001169607095285146,1.5707963267948966,0.3,0.0,0,10,0.3333333333333333,1.2599210498948734,1e-06,0.0,4.641588833612778,7,10.0,1.0,0.75,7.0,0.0,0.4,0.8576958985908941
112,0.8,412.1285299808557,0.0,0.001,0.001169607095285146,1.5707963267948966,0.3,0.0,0,10,0.3333333333333333,1.2599210498948734,1e-06,0.0,4.641588833612778,7,10.0,1.0,0.75,7.0,0.0,0.4,0.8576958985908941
113,0.8,412.1285299808557,0.0,0.001,0.001169607095285146,1.5707963267948966,0.3,0.0,0,10,0.3333333333333333,1.2599210498948734,1e-06,0.0,4.641588833612778,7,10.0,0.3333333333333333,0.75,7.0,0.0,0.4,0.8576958985908941
114,0.8,412.1285299808557,0.0,0.001,0.001169607095285146,1.5707963267948966,0.3,0.0,0,10,0.3333333333333333,200.00000000000003,1e-06,0.0,4.641588833612778,7,10.0,0.3333333333333333,0.75,7.0,0.0,0.4,0.8576958985908941
115,0.8,412.1285299808557,0.0,0.001,0.001169607095285146,1.5707963267948966,0.3,0.0,0,10,0.3333333333333333,200.00000000000003,1e-06,0.0,4.641588833612778,3,10.0,0.3333333333333333,0.75,7.0,0.0,0.4,0.8576958985908941
116,0.8,412.1285299808557,0.5333333333333333,0.001,0.001169607095285146,1.5707963267948966,0.3,0.0,0,10,0.3333333333333333,200.00000000000003,1e-06,0.0,4.641588833612778,3,10.0,0.3333333333333333,0.75,7.0,0.0,0.4,0.8576958985908941
117,0.8,412.1285299808557,0.5333333333333333,0.001,0.001169607095285146,1.5707963267948966,0.3,0.0,0,4,0.3333333333333333,200.00000000000003,1e-06,0.0,4.641588833612778,3,10.0,0.3333333333333333,0.75,7.0,0.0,0.4,0.8576958985908941
118,0.8,412.1285299808557,0.5333333333333333,0.001,0.001169607095285146,1.5707963267948966,0.3,0.0,0,4,0.3333333333333333,200.00000000000003,1e-06,0.6666666666666666,4.641588833612778,3,10.0,0.3333333333333333,0.75,7.0,0.0,0.4,0.8576958985908941
119,0.8,412.1285299808557,0.5333333333333333,0.001,0.001169607095285146,1.5707963267948966,0.3,0.0,4,4,0.3333333333333333,200.00000000000003,1e-06,0.6666666666666666,4.641588833612778,3,10.0,0.3333333333333333,0.75,7.0,0.0,0.4,0.8576958985908941
120,0.8,412.1285299808557,0.5333333333333333,0.00021544346900318823,0.004000000000000001,0.7853981633974483,0.7,0.3333333333333333,4,10,0.0,15.874010519682,0.1,0.3333333333333333,4.641588833612778,3,2.154434690031884,0.0,0.5,8.0,0.002,0.30000000000000004,2.9286445646252366
121,0.8,412.1285299808557,0.5333333333333333,0.00021544346900318823,0.004000000000000001,0.7853981633974483,0.7,0.3333333333333333,4,10,0.0,15.874010519682,0.1,0.3333333333333333,100.0,3,2.154434690031884,0.0,0.5,8.0,0.002,0.30000000000000004,2.9286445646252366
122,0.8,412.1285299808557,0.5333333333333333,1e-05,0.004000000000000001,0.7853981633974483,0.7,0.3333333333333333,4,10,0.0,15.874010519682,0.1,0.3333333333333333,100.0,3,2.154434690031884,0.0,0.5,8.0,0.002,0.30000000000000004,2.9286445646252366
123,0.8,70.00000000000001,0.5333333333333333,1e-05,0.004000000000000001,0.7853981633974483,0.7,0.3333333333333333,1,10,0.0,15.874010519682,0.1,0.3333333333333333,100.0,3,2.154434690031884,0.0,0.5,8.0,0.002,0.30000000000000004,2.9286445646252366
124,0.8,70.00000000000001,0.5333333333333333,1e-05,0.004000000000000001,0.7853981633974483,0.7,0.3333333333333333,1,10,0.0,15.874010519682,4.641588833612782e-05,0.3333333333333333,100.0,3,2.154434690031884,0.0,0.5,8.0,0.002,0.30000000000000004,2.9286445646252366
125,0.8,70.00000000000001,0.5333333333333333,1e-05,0.004000000000000001,0.7853981633974483,0.7,0.3333333333333333,1,10,0.0,15.874010519682,4.641588833612782e-05,0.3333333333333333,100.0,3,10.0,0.0,0.5,8.0,0.002,0.30000000000000004,2.9286445646252366
126,0.8,70.00000000000001,0.5333333333333333,1e-05,0.004000000000000001,0.7853981633974483,0.7,0.3333333333333333,1,10,0.0,15.874010519682,4.641588833612782e-05,1.0,100.0,3,10.0,0.0,0.5,8.0,0.002,0.30000000000000004,2.9286445646252366
127,0.8,70.00000000000001,0.5333333333333333,1e-05,0.004000000000000001,0.7853981633974483,0.7,0.3333333333333333,1,10,0.0,15.874010519682,4.641588833612782e-05,1.0,100.0,3,10.0,0.0,1.0,8.0,0.002,0.30000000000000004,2.9286445646252366
128,0.8,70.00000000000001,0.5333333333333333,1e-05,0.004000000000000001,0.7853981633974483,0.7,0.3333333333333333,1,10,0.0,15.874010519682,4.641588833612782e-05,1.0,100.0,3,10.0,0.0,1.0,8.0,0.002,0.30000000000000004,0.251188643150958
129,0.8,70.00000000000001,0.0,1e-05,0.004000000000000001,0.7853981633974483,0.7,0.3333333333333333,1,10,0.0,15.874010519682,4.641588833612782e-05,1.0,100.0,3,10.0,0.0,1.0,8.0,0.002,0.30000000000000004,0.251188643150958
130,0.8,70.00000000000001,0.0,1e-05,0.004000000000000001,0.7853981633974483,0.7,0.3333333333333333,1,10,0.0,15.874010519682,4.641588833612782e-05,1.0,100.0,3,10.0,0.0,1.0,6.0,0.002,0.30000000000000004,0.251188643150958
131,0.8,70.00000000000001,0.0,1e-05,0.004000000000000001,0.7853981633974483,0.7,0.3333333333333333,1,4,0.0,15.874010519682,4.641588833612782e-05,1.0,100.0,3,10.0,0.0,1.0,6.0,0.002,0.30000000000000004,0.251188643150958
132,0.8,70.00000000000001,0.0,1e-05,0.004000000000000001,0.7853981633974483,0.7,1.0,1,4,0.0,15.874010519682,4.641588833612782e-05,1.0,100.0,3,10.0,0.0,1.0,6.0,0.002,0.30000000000000004,0.251188643150958
133,0.8,70.00000000000001,0.0,1e-05,0.004000000000000001,0.7853981633974483,0.3,1.0,1,4,0.0,15.874010519682,4.641588833612782e-05,1.0,100.0,3,10.0,0.0,1.0,6.0,0.002,0.30000000000000004,0.251188643150958
134,0.4666666666666667,70.00000000000001,0.0,1e-05,0.004000000000000001,0.7853981633974483,0.3,1.0,1,4,0.0,15.874010519682,4.641588833612782e-05,1.0,100.0,3,10.0,0.0,1.0,6.0,0.002,0.30000000000000004,0.251188643150958
135,0.4666666666666667,70.00000000000001,0.0,1e-05,0.004000000000000001,0.7853981633974483,0.3,1.0,0,4,0.0,15.874010519682,4.641588833612782e-05,1.0,100.0,3,10.0,0.0,1.0,6.0,0.002,0.30000000000000004,0.251188643150958
136,0.4666666666666667,70.00000000000001,0.0,1e-05,0.004000000000000001,0.7853981633974483,0.3,1.0,0,4,0.0,15.874010519682,4.641588833612782e-05,1.0,100.0,3,10.0,0.6666666666666666,1.0,6.0,0.002,0.30000000000000004,0.251188643150958
137,0.4666666666666667,70.00000000000001,0.0,1e-05,0.004000000000000001,0.7853981633974483,0.3,1.0,0,4,0.0,15.874010519682,4.641588833612782e-05,1.0,100.0,3,10.0,0.6666666666666666,1.0,6.0,0.002,0.1,0.251188643150958
138,0.4666666666666667,70.00000000000001,0.0,1e-05,0.004000000000000001,0.7853981633974483,0.3,1.0,0,4,0.6666666666666666,15.874010519682,4.641588833612782e-05,1.0,100.0,3,10.0,0.6666666666666666,1.0,6.0,0.002,0.1,0.251188643150958
139,0.4666666666666667,70.00000000000001,0.0,1e-05,0.004000000000000001,0.7853981633974483,0.3,1.0,0,4,0.6666666666666666,0.1,4.641588833612782e-05,1.0,100.0,3,10.0,0.6666666666666666,1.0,6.0,0.002,0.1,0.251188643150958
140,0.4666666666666667,70.00000000000001,0.0,1e-05,0.00034199518933533934,0.7853981633974483,0.3,1.0,0,4,0.6666666666666666,0.1,4.641588833612782e-05,1.0,100.0,3,10.0,0.6666666666666666,1.0,6.0,0.002,0.1,0.251188643150958
141,0.4666666666666667,70.00000000000001,0.0,1e-05,0.00034199518933533934,0.7853981633974483,0.3,1.0,0,4,0.6666666666666666,0.1,4.641588833612782e-05,1.0,100.0,7,10.0,0.6666666666666666,1.0,6.0,0.002,0.1,0.251188643150958
142,0.4666666666666667,70.00000000000001,0.0,1e-05,0.00034199518933533934,1.5707963267948966,0.3,1.0,0,4,0.6666666666666666,0.1,4.641588833612782e-05,1.0,100.0,7,10.0,0.6666666666666666,1.0,6.0,0.002,0.1,0.251188643150958
143,0.4666666666666667,70.00000000000001,0.0,1e-05,0.00034199518933533934,1.5707963267948966,0.3,1.0,0,4,0.6666666666666666,0.1,4.641588833612782e-05,1.0,100.0,7,10.0,0.6666666666666666,1.0,6.0,0.0006666666666666666,0.1,0.251188643150958
144,0.8,412.1285299808557,0.26666666666666666,4.641588833612782e-05,0.00034199518933533934,1.5707963267948966,0.3,1.0,6,1,0.6666666666666666,0.1,4.641588833612782e-05,1.0,21.544346900318832,1,4.641588833612778,1.0,0.25,7.0,0.0006666666666666666,0.4,0.8576958985908941
145,0.8,412.1285299808557,0.26666666666666666,4.641588833612782e-05,0.00034199518933533934,1.5707963267948966,0.3,1.0,6,1,0.6666666666666666,0.1,4.641588833612782e-05,1.0,1.0,1,4.641588833612778,1.0,0.25,7.0,0.0006666666666666666,0.4,0.8576958985908941
146,0.8,412.1285299808557,0.26666666666666666,4.641588833612782e-05,0.00034199518933533934,1.5707963267948966,0.3,1.0,6,1,0.6666666666666666,0.1,4.641588833612782e-05,1.0,1.0,1,4.641588833612778,1.0,0.25,9.0,0.0006666666666666666,0.4,0.8576958985908941
147,0.8,412.1285299808557,0.26666666666666666,4.641588833612782e-05,0.00034199518933533934,1.5707963267948966,0.3,1.0,6,1,0.6666666666666666,0.1,0.1,1.0,1.0,1,4.641588833612778,1.0,0.25,9.0,0.0006666666666666666,0.4,0.8576958985908941
148,0.8,412.1285299808557,0.26666666666666666,4.641588833612782e-05,0.00034199518933533934,1.5707963267948966,0.3,1.0,6,1,0.6666666666666666,15.874010519682,0.1,1.0,1.0,1,4.641588833612778,1.0,0.25,9.0,0.0006666666666666666,0.4,0.8576958985908941
149,0.8,412.1285299808557,0.26666666666666666,4.641588833612782e-05,0.00034199518933533934,1.5707963267948966,0.7,1.0,6,1,0.6666666666666666,15.874010519682,0.1,1.0,1.0,1,4.641588833612778,1.0,0.25,9.0,0.0006666666666666666,0.4,0.8576958985908941
150,0.8,412.1285299808557,0.26666666666666666,4.641588833612782e-05,0.00034199518933533934,1.5707963267948966,0.7,1.0,6,1,0.6666666666666666,15.874010519682,0.1,1.0,1.0,1,1.0,1.0,0.25,9.0,0.0006666666666666666,0.4,0.8576958985908941
151,0.8,70.00000000000001,0.26666666666666666,4.641588833612782e-05,0.00034199518933533934,1.5707963267948966,0.7,1.0,2,1,0.6666666666666666,15.874010519682,0.1,1.0,1.0,1,1.0,1.0,0.25,9.0,0.0006666666666666666,0.4,0.8576958985908941
152,0.8,70.00000000000001,0.26666666666666666,4.641588833612782e-05,0.00034199518933533934,1.5707963267948966,0.7,1.0,2,1,0.6666666666666666,15.874010519682,0.1,1.0,1.0,1,1.0,1.0,0.75,9.0,0.0006666666666666666,0.4,0.8576958985908941
153,0.8,70.00000000000001,0.26666666666666666,4.641588833612782e-05,0.00034199518933533934,1.5707963267948966,0.7,1.0,2,1,0.6666666666666666,15.874010519682,0.1,1.0,1.0,1,1.0,1.0,0.75,9.0,0.002,0.4,0.8576958985908941
154,0.8,70.00000000000001,0.8,4.641588833612782e-05,0.00034199518933533934,1.5707963267948966,0.7,1.0,2,1,0.6666666666666666,15.874010519682,0.1,1.0,1.0,1,1.0,1.0,0.75,9.0,0.002,0.4,0.8576958985908941
155,0.4666666666666667,70.00000000000001,0.8,4.641588833612782e-05,0.00034199518933533934,1.5707963267948966,0.7,1.0,2,1,0.6666666666666666,15.874010519682,0.1,1.0,1.0,1,1.0,1.0,0.75,9.0,0.002,0.4,0.8576958985908941
156,0.4666666666666667,70.00000000000001,0.8,0.001,0.00034199518933533934,1.5707963267948966,0.7,1.0,2,1,0.6666666666666666,15.874010519682,0.1,1.0,1.0,1,1.0,1.0,0.75,9.0,0.002,0.4,0.8576958985908941
157,0.4666666666666667,70.00000000000001,0.8,0.001,0.00034199518933533934,1.5707963267948966,0.7,1.0,2,1,0.6666666666666666,15.874010519682,0.1,1.0,1.0,5,1.0,1.0,0.75,9.0,0.002,0.4,0.8576958985908941
158,0.4666666666666667,70.00000000000001,0.8,0.001,0.00034199518933533934,1.5707963267948966,0.7,1.0,2,1,0.6666666666666666,15.874010519682,0.1,0.3333333333333333,1.0,5,1.0,1.0,0.75,9.0,0.002,0.4,0.8576958985908941
159,0.4666666666666667,70.00000000000001,0.8,0.001,0.00034199518933533934,1.5707963267948966,0.7,1.0,2,1,0.0,15.874010519682,0.1,0.3333333333333333,1.0,5,1.0,1.0,0.75,9.0,0.002,0.4,0.8576958985908941
160,0.4666666666666667,70.00000000000001,0.8,0.001,0.00034199518933533934,1.5707963267948966,0.7,1.0,2,1,0.0,15.874010519682,0.1,0.3333333333333333,1.0,5,1.0,0.3333333333333333,0.75,9.0,0.002,0.4,0.8576958985908941
161,0.4666666666666667,70.00000000000001,0.8,0.001,0.00034199518933533934,1.5707963267948966,0.7,0.3333333333333333,2,1,0.0,15.874010519682,0.1,0.3333333333333333,1.0,5,1.0,0.3333333333333333,0.75,9.0,0.002,0.4,0.8576958985908941
162,0.4666666666666667,70.00000000000001,0.8,0.001,0.00034199518933533934,1.5707963267948966,0.7,0.3333333333333333,2,7,0.0,15.874010519682,0.1,0.3333333333333333,1.0,5,1.0,0.3333333333333333,0.75,9.0,0.002,0.4,0.8576958985908941
163,0.4666666666666667,70.00000000000001,0.8,0.001,0.00034199518933533934,1.5707963267948966,0.7,0.3333333333333333,2,7,0.0,15.874010519682,0.1,0.3333333333333333,1.0,5,1.0,0.3333333333333333,0.75,9.0,0.002,0.2,0.8576958985908941
164,0.4666666666666667,70.00000000000001,0.8,0.001,0.004000000000000001,1.5707963267948966,0.7,0.3333333333333333,2,7,0.0,15.874010519682,0.1,0.3333333333333333,1.0,5,1.0,0.3333333333333333,0.75,9.0,0.002,0.2,0.8576958985908941
165,0.4666666666666667,70.00000000000001,0.8,0.001,0.004000000000000001,1.5707963267948966,0.7,0.3333333333333333,2,7,0.0,15.874010519682,0.1,0.3333333333333333,1.0,5,1.0,0.3333333333333333,0.75,9.0,0.002,0.2,10.0
166,0.4666666666666667,70.00000000000001,0.8,0.001,0.004000000000000001,0.7853981633974483,0.7,0.3333333333333333,2,7,0.0,15.874010519682,0.1,0.3333333333333333,1.0,5,1.0,0.3333333333333333,0.75,9.0,0.002,0.2,10.0
167,0.4666666666666667,70.00000000000001,0.8,0.001,0.004000000000000001,0.7853981633974483,0.7,0.3333333333333333,0,7,0.0,15.874010519682,0.1,0.3333333333333333,1.0,5,1.0,0.3333333333333333,0.75,9.0,0.002,0.2,10.0
168,0.6333333333333333,70.00000000000001,0.0,4.641588833612782e-05,0.00034199518933533934,0.7853981633974483,0.5,0.3333333333333333,0,4,1.0,0.1,1e-06,0.0,1.0,7,10.0,0.6666666666666666,1.0,6.0,0.0013333333333333333,0.4,0.251188643150958
169,0.6333333333333333,70.00000000000001,0.0,4.641588833612782e-05,0.00034199518933533934,1.5707963267948966,0.5,0.3333333333333333,0,4,1.0,0.1,1e-06,0.0,1.0,7,10.0,0.6666666666666666,1.0,6.0,0.0013333333333333333,0.4,0.251188643150958
170,0.6333333333333333,70.00000000000001,0.0,4.641588833612782e-05,0.00034199518933533934,1.5707963267948966,0.5,0.3333333333333333,0,4,1.0,0.1,1e-06,0.0,1.0,7,2.154434690031884,0.6666666666666666,1.0,6.0,0.0013333333333333333,0.4,0.251188643150958
171,0.6333333333333333,70.00000000000001,0.0,4.641588833612782e-05,0.00034199518933533934,1.5707963267948966,0.5,0.3333333333333333,0,4,1.0,0.1,1e-06,0.0,1.0,7,2.154434690031884,0.6666666666666666,1.0,6.0,0.0,0.4,0.251188643150958
172,0.6333333333333333,70.00000000000001,0.0,4.641588833612782e-05,0.00034199518933533934,1.5707963267948966,0.5,0.3333333333333333,0,4,1.0,0.1,1e-06,0.0,1.0,7,2.154434690031884,0.6666666666666666,0.5,6.0,0.0,0.4,0.251188643150958
173,0.6333333333333333,70.00000000000001,0.0,4.641588833612782e-05,0.004000000000000001,1.5707963267948966,0.5,0.3333333333333333,0,4,1.0,0.1,1e-06,0.0,1.0,7,2.154434690031884,0.6666666666666666,0.5,6.0,0.0,0.4,0.251188643150958
174,0.6333333333333333,70.00000000000001,0.0,4.641588833612782e-05,0.004000000000000001,1.5707963267948966,0.5,0.3333333333333333,2,4,1.0,0.1,1e-06,0.0,1.0,7,2.154434690031884,0.6666666666666666,0.5,6.0,0.0,0.4,0.251188643150958
175,0.6333333333333333,70.00000000000001,0.0,4.641588833612782e-05,0.004000000000000001,1.5707963267948966,0.5,1.0,2,4,1.0,0.1,1e-06,0.0,1.0,7,2.154434690031884,0.6666666666666666,0.5,6.0,0.0,0.4,0.251188643150958
176,0.6333333333333333,70.00000000000001,0.0,0.001,0.004000000000000001,1.5707963267948966,0.5,1.0,2,4,1.0,0.1,1e-06,0.0,1.0,7,2.154434690031884,0.6666666666666666,0.5,6.0,0.0,0.4,0.251188643150958
177,0.6333333333333333,70.00000000000001,0.0,0.001,0.004000000000000001,1.5707963267948966,0.5,1.0,2,4,1.0,0.1,0.0021544346900318843,0.0,1.0,7,2.154434690031884,0.6666666666666666,0.5,6.0,0.0,0.4,0.251188643150958
178,0.3,70.00000000000001,0.0,0.001,0.004000000000000001,1.5707963267948966,0.5,1.0,2,4,1.0,0.1,0.0021544346900318843,0.0,1.0,7,2.154434690031884,0.6666666666666666,0.5,6.0,0.0,0.4,0.251188643150958
179,0.3,70.00000000000001,0.0,0.001,0.004000000000000001,1.5707963267948966,0.5,1.0,2,4,1.0,0.1,0.0021544346900318843,0.6666666666666666,1.0,7,2.154434690031884,0.6666666666666666,0.5,6.0,0.0,0.4,0.251188643150958
180,0.3,70.00000000000001,0.0,0.001,0.004000000000000001,1.5707963267948966,0.5,1.0,2,4,1.0,15.874010519682,0.0021544346900318843,0.6666666666666666,1.0,7,2.154434690031884,0.6666666666666666,0.5,6.0,0.0,0.4,0.251188643150958
181,0.3,70.00000000000001,0.0,0.001,0.004000000000000001,1.5707963267948966,0.5,1.0,2,10,1.0,15.874010519682,0.0021544346900318843,0.6666666666666666,1.0,7,2.154434690031884,0.6666666666666666,0.5,6.0,0.0,0.4,0.251188643150958
182,0.3,70.00000000000001,0.0,0.001,0.004000000000000001,1.5707963267948966,0.5,1.0,2,10,1.0,15.874010519682,0.0021544346900318843,0.6666666666666666,1.0,7,2.154434690031884,0.6666666666666666,0.5,6.0,0.0,0.2,0.251188643150958
183,0.3,412.1285299808557,0.0,0.001,0.004000000000000001,1.5707963267948966,0.5,1.0,6,10,1.0,15.874010519682,0.0021544346900318843,0.6666666666666666,1.0,7,2.154434690031884,0.6666666666666666,0.5,6.0,0.0,0.2,0.251188643150958
184,0.3,412.1285299808557,0.0,0.001,0.004000000000000001,1.5707963267948966,0.5,1.0,6,10,0.3333333333333333,15.874010519682,0.0021544346900318843,0.6666666666666666,1.0,7,2.154434690031884,0.6666666666666666,0.5,6.0,0.0,0.2,0.251188643150958
185,0.3,412.1285299808557,0.0,0.001,0.004000000000000001,1.5707963267948966,0.1,1.0,6,10,0.3333333333333333,15.874010519682,0.0021544346900318843,0.6666666666666666,1.0,7,2.154434690031884,0.6666666666666666,0.5,6.0,0.0,0.2,0.251188643150958
186,0.3,412.1285299808557,0.0,0.001,0.004000000000000001,1.5707963267948966,0.1,1.0,6,10,0.3333333333333333,15.874010519682,0.0021544346900318843,0.6666666666666666,1.0,7,2.154434690031884,0.0,0.5,6.0,0.0,0.2,0.251188643150958
187,0.3,412.1285299808557,0.0,0.001,0.004000000000000001,1.5707963267948966,0.1,1.0,6,10,0.3333333333333333,15.874010519682,0.0021544346900318843,0.6666666666666666,1.0,3,2.154434690031884,0.0,0.5,6.0,0.0,0.2,0.251188643150958
188,0.3,412.1285299808557,0.0,0.001,0.004000000000000001,1.5707963267948966,0.1,1.0,6,10,0.3333333333333333,15.874010519682,0.0021544346900318843,0.6666666666666666,1.0,3,2.154434690031884,0.0,0.5,8.0,0.0,0.2,0.251188643150958
189,0.3,412.1285299808557,0.0,0.001,0.004000000000000001,1.5707963267948966,0.1,1.0,6,10,0.3333333333333333,15.874010519682,0.0021544346900318843,0.6666666666666666,1.0,3,2.154434690031884,0.0,0.5,8.0,0.0,0.2,2.9286445646252366
190,0.3,412.1285299808557,0.0,0.001,0.004000000000000001,1.5707963267948966,0.1,1.0,6,10,0.3333333333333333,15.874010519682,0.0021544346900318843,0.6666666666666666,21.544346900318832,3,2.154434690031884,0.0,0.5,8.0,0.0,0.2,2.9286445646252366
191,0.3,412.1285299808557,0.5333333333333333,0.001,0.004000000000000001,1.5707963267948966,0.1,1.0,6,10,0.3333333333333333,15.874010519682,0.0021544346900318843,0.6666666666666666,21.544346900318832,3,2.154434690031884,0.0,0.5,8.0,0.0,0.2,2.9286445646252366
192,0.6333333333333333,70.00000000000001,0.5333333333333333,0.00021544346900318823,0.004000000000000001,1.1780972450961724,0.5,0.3333333333333333,0,1,0.3333333333333333,200.00000000000003,4.641588833612782e-05,1.0,1.0,5,1.0,1.0,1.0,8.0,0.002,0.1,0.251188643150958
193,0.6333333333333333,70.00000000000001,0.5333333333333333,0.00021544346900318823,0.004000000000000001,1.1780972450961724,0.5,0.3333333333333333,0,1,0.3333333333333333,200.00000000000003,4.641588833612782e-05,1.0,1.0,5,1.0,1.0,1.0,6.0,0.002,0.1,0.251188643150958
194,0.3,70.00000000000001,0.5333333333333333,0.00021544346900318823,0.004000000000000001,1.1780972450961724,0.5,0.3333333333333333,0,1,0.3333333333333333,200.00000000000003,4.641588833612782e-05,1.0,1.0,5,1.0,1.0,1.0,6.0,0.002,0.1,0.251188643150958
195,0.3,70.00000000000001,0.0,0.00021544346900318823,0.004000000000000001,1.1780972450961724,0.5,0.3333333333333333,0,1,0.3333333333333333,200.00000000000003,4.641588833612782e-05,1.0,1.0,5,1.0,1.0,1.0,6.0,0.002,0.1,0.251188643150958
196,0.3,70.00000000000001,0.0,0.00021544346900318823,0.004000000000000001,0.39269908169872414,0.5,0.3333333333333333,0,1,0.3333333333333333,200.00000000000003,4.641588833612782e-05,1.0,1.0,5,1.0,1.0,1.0,6.0,0.002,0.1,0.251188643150958
197,0.3,70.00000000000001,0.0,0.00021544346900318823,0.004000000000000001,0.39269908169872414,0.5,0.3333333333333333,0,7,0.3333333333333333,200.00000000000003,4.641588833612782e-05,1.0,1.0,5,1.0,1.0,1.0,6.0,0.002,0.1,0.251188643150958
198,0.3,70.00000000000001,0.0,0.00021544346900318823,0.004000000000000001,0.39269908169872414,0.5,0.3333333333333333,0,7,1.0,200.00000000000003,4.641588833612782e-05,1.0,1.0,5,1.0,1.0,1.0,6.0,0.002,0.1,0.251188643150958
199,0.3,70.00000000000001,0.0,0.00021544346900318823,0.004000000000000001,0.39269908169872414,0.5,0.3333333333333333,0,7,1.0,1.2599210498948734,4.641588833612782e-05,1.0,1.0,5,1.0,1.0,1.0,6.0,0.002,0.1,0.251188643150958
200,0.3,70.00000000000001,0.0,0.00021544346900318823,0.004000000000000001,0.39269908169872414,0.5,0.3333333333333333,0,7,1.0,1.2599210498948734,4.641588833612782e-05,1.0,1.0,5,1.0,1.0,1.0,6.0,0.002,0.30000000000000004,0.251188643150958
201,0.3,70.00000000000001,0.0,0.00021544346900318823,0.004000000000000001,0.39269908169872414,0.5,1.0,0,7,1.0,1.2599210498948734,4.641588833612782e-05,1.0,1.0,5,1.0,1.0,1.0,6.0,0.002,0.30000000000000004,0.251188643150958
202,0.3,70.00000000000001,0.0,0.00021544346900318823,0.004000000000000001,0.39269908169872414,0.5,1.0,0,7,1.0,1.2599210498948734,4.641588833612782e-05,1.0,1.0,5,1.0,1.0,1.0,6.0,0.002,0.30000000000000004,2.9286445646252366
203,0.3,70.00000000000001,0.0,1e-05,0.004000000000000001,0.39269908169872414,0.5,1.0,0,7,1.0,1.2599210498948734,4.641588833612782e-05,1.0,1.0,5,1.0,1.0,1.0,6.0,0.002,0.30000000000000004,2.9286445646252366
204,0.3,70.00000000000001,0.0,1e-05,0.00034199518933533934,0.39269908169872414,0.5,1.0,0,7,1.0,1.2599210498948734,4.641588833612782e-05,1.0,1.0,5,1.0,1.0,1.0,6.0,0.002,0.30000000000000004,2.9286445646252366
205,0.3,70.00000000000001,0.0,1e-05,0.00034199518933533934,0.39269908169872414,0.5,1.0,0,7,1.0,1.2599210498948734,4.641588833612782e-05,1.0,1.0,5,1.0,1.0,0.5,6.0,0.002,0.30000000000000004,2.9286445646252366
206,0.3,70.00000000000001,0.0,1e-05,0.00034199518933533934,0.39269908169872414,0.1,1.0,0,7,1.0,1.2599210498948734,4.641588833612782e-05,1.0,1.0,5,1.0,1.0,0.5,6.0,0.002,0.30000000000000004,2.9286445646252366
207,0.3,70.00000000000001,0.0,1e-05,0.00034199518933533934,0.39269908169872414,0.1,1.0,0,7,1.0,1.2599210498948734,4.641588833612782e-05,0.3333333333333333,1.0,5,1.0,1.0,0.5,6.0,0.002,0.30000000000000004,2.9286445646252366
208,0.3,412.1285299808557,0.0,1e-05,0.00034199518933533934,0.39269908169872414,0.1,1.0,0,7,1.0,1.2599210498948734,4.641588833612782e-05,0.3333333333333333,1.0,5,1.0,1.0,0.5,6.0,0.002,0.30000000000000004,2.9286445646252366
209,0.3,412.1285299808557,0.0,1e-05,0.00034199518933533934,0.39269908169872414,0.1,1.0,0,7,1.0,1.2599210498948734,4.641588833612782e-05,0.3333333333333333,1.0,5,4.641588833612778,1.0,0.5,6.0,0.002,0.30000000000000004,2.9286445646252366
210,0.3,412.1285299808557,0.0,1e-05,0.00034199518933533934,0.39269908169872414,0.1,1.0,4,7,1.0,1.2599210498948734,4.641588833612782e-05,0.3333333333333333,1.0,5,4.641588833612778,1.0,0.5,6.0,0.002,0.30000000000000004,2.9286445646252366
211,0.3,412.1285299808557,0.0,1e-05,0.00034199518933533934,0.39269908169872414,0.1,1.0,4,7,1.0,1.2599210498948734,0.1,0.3333333333333333,1.0,5,4.641588833612778,1.0,0.5,6.0,0.002,0.30000000000000004,2.9286445646252366
212,0.3,412.1285299808557,0.0,1e-05,0.00034199518933533934,0.39269908169872414,0.1,1.0,4,7,1.0,1.2599210498948734,0.1,0.3333333333333333,21.544346900318832,5,4.641588833612778,1.0,0.5,6.0,0.002,0.30000000000000004,2.9286445646252366
213,0.3,412.1285299808557,0.0,1e-05,0.00034199518933533934,0.39269908169872414,0.1,1.0,4,7,1.0,1.2599210498948734,0.1,0.3333333333333333,21.544346900318832,5,4.641588833612778,1.0,0.5,6.0,0.0006666666666666666,0.30000000000000004,2.9286445646252366
214,0.3,412.1285299808557,0.0,1e-05,0.00034199518933533934,0.39269908169872414,0.1,1.0,4,7,1.0,1.2599210498948734,0.1,0.3333333333333333,21.544346900318832,5,4.641588833612778,0.3333333333333333,0.5,6.0,0.0006666666666666666,0.30000000000000004,2.9286445646252366
215,0.3,412.1285299808557,0.0,1e-05,0.00034199518933533934,0.39269908169872414,0.1,1.0,4,7,1.0,1.2599210498948734,0.1,0.3333333333333333,21.544346900318832,1,4.641588833612778,0.3333333333333333,0.5,6.0,0.0006666666666666666,0.30000000000000004,2.9286445646252366
216,0.4666666666666667,169.84992522418108,0.5333333333333333,0.001,0.0001,0.39269908169872414,0.1,0.0,1,7,1.0,1.2599210498948734,0.0021544346900318843,0.6666666666666666,4.641588833612778,1,2.154434690031884,0.6666666666666666,0.75,7.0,0.0,0.1,0.8576958985908941
217,0.4666666666666667,169.84992522418108,0.5333333333333333,0.001,0.0001,0.39269908169872414,0.1,0.0,3,7,1.0,1.2599210498948734,0.0021544346900318843,0.6666666666666666,4.641588833612778,1,2.154434690031884,0.6666666666666666,0.75,7.0,0.0,0.1,0.8576958985908941
218,0.4666666666666667,169.84992522418108,0.5333333333333333,0.001,0.0001,1.1780972450961724,0.1,0.0,3,7,1.0,1.2599210498948734,0.0021544346900318843,0.6666666666666666,4.641588833612778,1,2.154434690031884,0.6666666666666666,0.75,7.0,0.0,0.1,0.8576958985908941
219,0.4666666666666667,169.84992522418108,0.5333333333333333,0.001,0.0001,1.1780972450961724,0.1,0.0,3,7,1.0,1.2599210498948734,0.0021544346900318843,0.0,4.641588833612778,1,2.154434690031884,0.6666666666666666,0.75,7.0,0.0,0.1,0.8576958985908941
220,0.4666666666666667,169.84992522418108,0.5333333333333333,0.001,0.0001,1.1780972450961724,0.1,0.0,3,7,1.0,200.00000000000003,0.0021544346900318843,0.0,4.641588833612778,1,2.154434690031884,0.6666666666666666,0.75,7.0,0.0,0.1,0.8576958985908941
221,0.4666666666666667,169.84992522418108,0.5333333333333333,0.001,0.0001,1.1780972450961724,0.1,0.0,3,7,1.0,200.00000000000003,0.0021544346900318843,0.0,4.641588833612778,1,2.154434690031884,0.6666666666666666,0.75,7.0,0.0,0.30000000000000004,0.8576958985908941
222,0.4666666666666667,169.84992522418108,0.5333333333333333,0.001,0.0001,1.1780972450961724,0.1,0.0,3,1,1.0,200.00000000000003,0.0021544346900318843,0.0,4.641588833612778,1,2.154434690031884,0.6666666666666666,0.75,7.0,0.0,0.30000000000000004,0.8576958985908941
223,0.4666666666666667,169.84992522418108,0.5333333333333333,0.001,0.0001,1.1780972450961724,0.1,0.0,3,1,1.0,200.00000000000003,0.0021544346900318843,0.0,4.641588833612778,1,2.154434690031884,0.0,0.75,7.0,0.0,0.30000000000000004,0.8576958985908941
224,0.4666666666666667,169.84992522418108,0.5333333333333333,0.001,0.0001,1.1780972450961724,0.1,0.0,3,1,1.0,200.00000000000003,0.0021544346900318843,0.0,4.641588833612778,1,2.154434690031884,0.0,0.75,7.0,0.0,0.30000000000000004,10.0
225,0.4666666666666667,169.84992522418108,0.5333333333333333,0.001,0.0001,1.1780972450961724,0.1,0.0,3,1,1.0,200.00000000000003,0.0021544346900318843,0.0,4.641588833612778,1,10.0,0.0,0.75,7.0,0.0,0.30000000000000004,10.0
226,0.4666666666666667,169.84992522418108,0.5333333333333333,0.001,0.001169607095285146,1.1780972450961724,0.1,0.0,3,1,1.0,200.00000000000003,0.0021544346900318843,0.0,4.641588833612778,1,10.0,0.0,0.75,7.0,0.0,0.30000000000000004,10.0
227,0.8,169.84992522418108,0.5333333333333333,0.001,0.001169607095285146,1.1780972450961724,0.1,0.0,3,1,1.0,200.00000000000003,0.0021544346900318843,0.0,4.641588833612778,1,10.0,0.0,0.75,7.0,0.0,0.30000000000000004,10.0
228,0.8,169.84992522418108,0.5333333333333333,0.001,0.001169607095285146,1.1780972450961724,0.1,0.0,3,1,1.0,200.00000000000003,0.0021544346900318843,0.0,4.641588833612778,1,10.0,0.0,0.25,7.0,0.0,0.30000000000000004,10.0
229,0.8,169.84992522418108,0.5333333333333333,0.001,0.001169607095285146,1.1780972450961724,0.1,0.0,3,1,1.0,200.00000000000003,0.0021544346900318843,0.0,4.641588833612778,1,10.0,0.0,0.25,7.0,0.0013333333333333333,0.30000000000000004,10.0
230,0.8,169.84992522418108,0.5333333333333333,0.001,0.001169607095285146,1.1780972450961724,0.5,0.0,3,1,1.0,200.00000000000003,0.0021544346900318843,0.0,4.641588833612778,1,10.0,0.0,0.25,7.0,0.0013333333333333333,0.30000000000000004,10.0
231,0.8,169.84992522418108,0.5333333333333333,0.001,0.001169607095285146,1.1780972450961724,0.5,0.0,3,1,1.0,200.00000000000003,0.0021544346900318843,0.0,100.0,1,10.0,0.0,0.25,7.0,0.0013333333333333333,0.30000000000000004,10.0
232,0.8,169.84992522418108,0.0,0.001,0.001169607095285146,1.1780972450961724,0.5,0.0,3,1,1.0,200.00000000000003,0.0021544346900318843,0.0,100.0,1,10.0,0.0,0.25,7.0,0.0013333333333333333,0.30000000000000004,10.0
233,0.8,169.84992522418108,0.0,4.641588833612782e-05,0.001169607095285146,1.1780972450961724,0.5,0.0,3,1,1.0,200.00000000000003,0.0021544346900318843,0.0,100.0,1,10.0,0.0,0.25,7.0,0.0013333333333333333,0.30000000000000004,10.0
234,0.8,169.84992522418108,0.0,4.641588833612782e-05,0.001169607095285146,1.1780972450961724,0.5,0.0,3,1,1.0,200.00000000000003,0.0021544346900318843,0.0,100.0,1,10.0,0.0,0.25,9.0,0.0013333333333333333,0.30000000000000004,10.0
235,0.8,169.84992522418108,0.0,4.641588833612782e-05,0.001169607095285146,1.1780972450961724,0.5,0.0,3,1,1.0,200.00000000000003,1e-06,0.0,100.0,1,10.0,0.0,0.25,9.0,0.0013333333333333333,0.30000000000000004,10.0
236,0.8,169.84992522418108,0.0,4.641588833612782e-05,0.001169607095285146,1.1780972450961724,0.5,0.6666666666666666,3,1,1.0,200.00000000000003,1e-06,0.0,100.0,1,10.0,0.0,0.25,9.0,0.0013333333333333333,0.30000000000000004,10.0
237,0.8,169.84992522418108,0.0,4.641588833612782e-05,0.001169607095285146,1.1780972450961724,0.5,0.6666666666666666,3,1,0.3333333333333333,200.00000000000003,1e-06,0.0,100.0,1,10.0,0.0,0.25,9.0,0.0013333333333333333,0.30000000000000004,10.0
238,0.8,1000.0,0.0,4.641588833612782e-05,0.001169607095285146,1.1780972450961724,0.5,0.6666666666666666,10,1,0.3333333333333333,200.00000000000003,1e-06,0.0,100.0,1,10.0,0.0,0.25,9.0,0.0013333333333333333,0.30000000000000004,10.0
239,0.8,1000.0,0.0,4.641588833612782e-05,0.001169607095285146,1.1780972450961724,0.5,0.6666666666666666,10,1,0.3333333333333333,200.00000000000003,1e-06,0.0,100.0,5,10.0,0.0,0.25,9.0,0.0013333333333333333,0.30000000000000004,10.0
240,0.4666666666666667,169.84992522418108,0.8,1e-05,0.001169607095285146,1.5707963267948966,0.1,1.0,2,7,0.3333333333333333,200.00000000000003,0.1,0.3333333333333333,100.0,3,1.0,0.3333333333333333,1.0,6.0,0.0006666666666666666,0.4,0.8576958985908941
241,0.4666666666666667,169.84992522418108,0.8,1e-05,0.001169607095285146,1.5707963267948966,0.1,1.0,2,7,1.0,200.00000000000003,0.1,0.3333333333333333,100.0,3,1.0,0.3333333333333333,1.0,6.0,0.0006666666666666666,0.4,0.8576958985908941
242,0.4666666666666667,169.84992522418108,0.8,1e-05,0.001169607095285146,1.5707963267948966,0.1,1.0,2,7,1.0,1.2599210498948734,0.1,0.3333333333333333,100.0,3,1.0,0.3333333333333333,1.0,6.0,0.0006666666666666666,0.4,0.8576958985908941
243,0.4666666666666667,1000.0,0.8,1e-05,0.001169607095285146,1.5707963267948966,0.1,1.0,6,7,1.0,1.2599210498948734,0.1,0.3333333333333333,100.0,3,1.0,0.3333333333333333,1.0,6.0,0.0006666666666666666,0.4,0.8576958985908941
244,0.4666666666666667,1000.0,0.8,1e-05,0.001169607095285146,1.5707963267948966,0.5,1.0,6,7,1.0,1.2599210498948734,0.1,0.3333333333333333,100.0,3,1.0,0.3333333333333333,1.0,6.0,0.0006666666666666666,0.4,0.8576958985908941
245,0.4666666666666667,1000.0,0.8,1e-05,0.001169607095285146,1.5707963267948966,0.5,0.3333333333333333,6,7,1.0,1.2599210498948734,0.1,0.3333333333333333,100.0,3,1.0,0.3333333333333333,1.0,6.0,0.0006666666666666666,0.4,0.8576958985908941
246,0.4666666666666667,1000.0,0.8,1e-05,0.001169607095285146,1.5707963267948966,0.5,0.3333333333333333,6,7,1.0,1.2599210498948734,0.1,0.3333333333333333,100.0,3,4.641588833612778,0.3333333333333333,1.0,6.0,0.0006666666666666666,0.4,0.8576958985908941
247,0.4666666666666667,1000.0,0.8,1e-05,0.001169607095285146,1.5707963267948966,0.5,0.3333333333333333,6,7,1.0,1.2599210498948734,0.1,0.3333333333333333,100.0,3,4.641588833612778,0.3333333333333333,1.0,6.0,0.002,0.4,0.8576958985908941
248,0.4666666666666667,1000.0,0.8,1e-05,0.001169607095285146,1.5707963267948966,0.5,0.3333333333333333,6,7,1.0,1.2599210498948734,0.1,0.3333333333333333,100.0,3,4.641588833612778,0.3333333333333333,1.0,6.0,0.002,0.2,0.8576958985908941
249,0.4666666666666667,1000.0,0.8,1e-05,0.001169607095285146,1.5707963267948966,0.5,0.3333333333333333,6,7,1.0,1.2599210498948734,0.1,0.3333333333333333,100.0,3,4.641588833612778,1.0,1.0,6.0,0.002,0.2,0.8576958985908941
250,0.4666666666666667,1000.0,0.8,1e-05,0.001169607095285146,1.5707963267948966,0.5,0.3333333333333333,6,7,1.0,1.2599210498948734,0.1,1.0,100.0,3,4.641588833612778,1.0,1.0,6.0,0.002,0.2,0.8576958985908941
251,0.4666666666666667,1000.0,0.8,1e-05,0.001169607095285146,1.5707963267948966,0.5,0.3333333333333333,0,7,1.0,1.2599210498948734,0.1,1.0,100.0,3,4.641588833612778,1.0,1.0,6.0,0.002,0.2,0.8576958985908941
252,0.4666666666666667,1000.0,0.8,1e-05,0.001169607095285146,1.5707963267948966,0.5,0.3333333333333333,0,7,1.0,1.2599210498948734,0.1,1.0,4.641588833612778,3,4.641588833612778,1.0,1.0,6.0,0.002,0.2,0.8576958985908941
253,0.4666666666666667,1000.0,0.8,1e-05,0.001169607095285146,1.5707963267948966,0.5,0.3333333333333333,0,7,1.0,1.2599210498948734,4.641588833612782e-05,1.0,4.641588833612778,3,4.641588833612778,1.0,1.0,6.0,0.002,0.2,0.8576958985908941
254,0.4666666666666667,1000.0,0.8,1e-05,0.001169607095285146,0.7853981633974483,0.5,0.3333333333333333,0,7,1.0,1.2599210498948734,4.641588833612782e-05,1.0,4.641588833612778,3,4.641588833612778,1.0,1.0,6.0,0.002,0.2,0.8576958985908941
255,0.4666666666666667,1000.0,0.8,1e-05,0.001169607095285146,0.7853981633974483,0.5,0.3333333333333333,0,7,1.0,1.2599210498948734,4.641588833612782e-05,1.0,4.641588833612778,7,4.641588833612778,1.0,1.0,6.0,0.002,0.2,0.8576958985908941
256,0.4666666666666667,1000.0,0.26666666666666666,1e-05,0.001169607095285146,0.7853981633974483,0.5,0.3333333333333333,0,7,1.0,1.2599210498948734,4.641588833612782e-05,1.0,4.641588833612778,7,4.641588833612778,1.0,1.0,6.0,0.002,0.2,0.8576958985908941
257,0.4666666666666667,1000.0,0.26666666666666666,1e-05,0.001169607095285146,0.7853981633974483,0.5,0.3333333333333333,0,7,1.0,1.2599210498948734,4.641588833612782e-05,1.0,4.641588833612778,7,4.641588833612778,1.0,1.0,8.0,0.002,0.2,0.8576958985908941
258,0.4666666666666667,1000.0,0.26666666666666666,1e-05,0.001169607095285146,0.7853981633974483,0.5,0.3333333333333333,0,7,1.0,1.2599210498948734,4.641588833612782e-05,1.0,4.641588833612778,7,4.641588833612778,1.0,0.5,8.0,0.002,0.2,0.8576958985908941
259,0.4666666666666667,1000.0,0.26666666666666666,1e-05,0.0001,0.7853981633974483,0.5,0.3333333333333333,0,7,1.0,1.2599210498948734,4.641588833612782e-05,1.0,4.641588833612778,7,4.641588833612778,1.0,0.5,8.0,0.002,0.2,0.8576958985908941
260,0.4666666666666667,1000.0,0.26666666666666666,1e-05,0.0001,0.7853981633974483,0.5,0.3333333333333333,0,7,1.0,1.2599210498948734,4.641588833612782e-05,1.0,4.641588833612778,7,4.641588833612778,1.0,0.5,8.0,0.002,0.2,10.0
261,0.4666666666666667,1000.0,0.26666666666666666,0.00021544346900318823,0.0001,0.7853981633974483,0.5,0.3333333333333333,0,7,1.0,1.2599210498948734,4.641588833612782e-05,1.0,4.641588833612778,7,4.641588833612778,1.0,0.5,8.0,0.002,0.2,10.0
262,0.4666666666666667,1000.0,0.26666666666666666,0.00021544346900318823,0.0001,0.7853981633974483,0.5,0.3333333333333333,0,1,1.0,1.2599210498948734,4.641588833612782e-05,1.0,4.641588833612778,7,4.641588833612778,1.0,0.5,8.0,0.002,0.2,10.0
263,0.8,1000.0,0.26666666666666666,0.00021544346900318823,0.0001,0.7853981633974483,0.5,0.3333333333333333,0,1,1.0,1.2599210498948734,4.641588833612782e-05,1.0,4.641588833612778,7,4.641588833612778,1.0,0.5,8.0,0.002,0.2,10.0
264,0.3,412.1285299808557,0.8,1e-05,0.001169607095285146,0.39269908169872414,0.3,0.6666666666666666,2,1,0.3333333333333333,15.874010519682,0.1,0.3333333333333333,4.641588833612778,7,10.0,0.3333333333333333,0.75,8.0,0.0013333333333333333,0.30000000000000004,10.0
265,0.3,412.1285299808557,0.8,1e-05,0.001169607095285146,0.39269908169872414,0.3,0.6666666666666666,2,1,0.3333333333333333,15.874010519682,0.1,0.3333333333333333,4.641588833612778,7,10.0,0.3333333333333333,0.75,8.0,0.0013333333333333333,0.1,10.0
266,0.3,412.1285299808557,0.8,1e-05,0.001169607095285146,0.39269908169872414,0.3,0.6666666666666666,2,1,0.3333333333333333,15.874010519682,0.1,0.3333333333333333,4.641588833612778,7,10.0,0.3333333333333333,0.75,8.0,0.0,0.1,10.0
267,0.3,412.1285299808557,0.8,1e-05,0.001169607095285146,1.1780972450961724,0.3,0.6666666666666666,2,1,0.3333333333333333,15.874010519682,0.1,0.3333333333333333,4.641588833612778,7,10.0,0.3333333333333333,0.75,8.0,0.0,0.1,10.0
268,0.3,412.1285299808557,0.8,1e-05,0.001169607095285146,1.1780972450961724,0.3,0.6666666666666666,2,1,0.3333333333333333,15.874010519682,0.1,0.3333333333333333,4.641588833612778,7,10.0,0.3333333333333333,0.75,6.0,0.0,0.1,10.0
269,0.3,412.1285299808557,0.8,1e-05,0.001169607095285146,1.1780972450961724,0.3,0.6666666666666666,6,1,0.3333333333333333,15.874010519682,0.1,0.3333333333333333,4.641588833612778,7,10.0,0.3333333333333333,0.75,6.0,0.0,0.1,10.0
270,0.3,412.1285299808557,0.8,1e-05,0.001169607095285146,1.1780972450961724,0.3,0.6666666666666666,6,1,0.3333333333333333,15.874010519682,0.1,0.3333333333333333,4.641588833612778,7,10.0,0.3333333333333333,0.25,6.0,0.0,0.1,10.0
271,0.3,412.1285299808557,0.8,1e-05,0.001169607095285146,1.1780972450961724,0.7,0.6666666666666666,6,1,0.3333333333333333,15.874010519682,0.1,0.3333333333333333,4.641588833612778,7,10.0,0.3333333333333333,0.25,6.0,0.0,0.1,10.0
272,0.3,412.1285299808557,0.8,1e-05,0.001169607095285146,1.1780972450961724,0.7,0.0,6,1,0.3333333333333333,15.874010519682,0.1,0.3333333333333333,4.641588833612778,7,10.0,0.3333333333333333,0.25,6.0,0.0,0.1,10.0
273,0.6333333333333333,412.1285299808557,0.8,1e-05,0.001169607095285146,1.1780972450961724,0.7,0.0,6,1,0.3333333333333333,15.874010519682,0.1,0.3333333333333333,4.641588833612778,7,10.0,0.3333333333333333,0.25,6.0,0.0,0.1,10.0
274,0.6333333333333333,412.1285299808557,0.8,0.00021544346900318823,0.001169607095285146,1.1780972450961724,0.7,0.0,6,1,0.3333333333333333,15.874010519682,0.1,0.3333333333333333,4.641588833612778,7,10.0,0.3333333333333333,0.25,6.0,0.0,0.1,10.0
275,0.6333333333333333,412.1285299808557,0.8,0.00021544346900318823,0.001169607095285146,1.1780972450961724,0.7,0.0,6,1,0.3333333333333333,0.1,0.1,0.3333333333333333,4.641588833612778,7,10.0,0.3333333333333333,0.25,6.0,0.0,0.1,10.0
276,0.6333333333333333,412.1285299808557,0.8,0.00021544346900318823,0.0001,1.1780972450961724,0.7,0.0,6,1,0.3333333333333333,0.1,0.1,0.3333333333333333,4.641588833612778,7,10.0,0.3333333333333333,0.25,6.0,0.0,0.1,10.0
277,0.6333333333333333,412.1285299808557,0.8,0.00021544346900318823,0.0001,1.1780972450961724,0.7,0.0,6,1,0.3333333333333333,0.1,0.1,1.0,4.641588833612778,7,10.0,0.3333333333333333,0.25,6.0,0.0,0.1,10.0
278,0.6333333333333333,412.1285299808557,0.8,0.00021544346900318823,0.0001,1.1780972450961724,0.7,0.0,6,1,1.0,0.1,0.1,1.0,4.641588833612778,7,10.0,0.3333333333333333,0.25,6.0,0.0,0.1,10.0
279,0.6333333333333333,412.1285299808557,0.8,0.00021544346900318823,0.0001,1.1780972450961724,0.7,0.0,6,1,1.0,0.1,0.1,1.0,4.641588833612778,7,10.0,0.3333333333333333,0.25,6.0,0.0,0.1,0.8576958985908941
280,0.6333333333333333,412.1285299808557,0.8,0.00021544346900318823,0.0001,1.1780972450961724,0.7,0.0,6,1,1.0,0.1,0.1,1.0,4.641588833612778,7,2.154434690031884,0.3333333333333333,0.25,6.0,0.0,0.1,0.8576958985908941
281,0.6333333333333333,70.00000000000001,0.8,0.00021544346900318823,0.0001,1.1780972450961724,0.7,0.0,2,1,1.0,0.1,0.1,1.0,4.641588833612778,7,2.154434690031884,0.3333333333333333,0.25,6.0,0.0,0.1,0.8576958985908941
282,0.6333333333333333,70.00000000000001,0.8,0.00021544346900318823,0.0001,1.1780972450961724,0.7,0.0,2,1,1.0,0.1,0.1,1.0,100.0,7,2.154434690031884,0.3333333333333333,0.25,6.0,0.0,0.1,0.8576958985908941
283,0.6333333333333333,70.00000000000001,0.8,0.00021544346900318823,0.0001,1.1780972450961724,0.7,0.0,2,1,1.0,0.1,4.641588833612782e-05,1.0,100.0,7,2.154434690031884,0.3333333333333333,0.25,6.0,0.0,0.1,0.8576958985908941
284,0.6333333333333333,70.00000000000001,0.8,0.00021544346900318823,0.0001,1.1780972450961724,0.7,0.0,2,1,1.0,0.1,4.641588833612782e-05,1.0,100.0,3,2.154434690031884,0.3333333333333333,0.25,6.0,0.0,0.1,0.8576958985908941
285,0.6333333333333333,70.00000000000001,0.26666666666666666,0.00021544346900318823,0.0001,1.1780972450961724,0.7,0.0,2,1,1.0,0.1,4.641588833612782e-05,1.0,100.0,3,2.154434690031884,0.3333333333333333,0.25,6.0,0.0,0.1,0.8576958985908941
286,0.6333333333333333,70.00000000000001,0.26666666666666666,0.00021544346900318823,0.0001,1.1780972450961724,0.7,0.0,2,1,1.0,0.1,4.641588833612782e-05,1.0,100.0,3,2.154434690031884,1.0,0.25,6.0,0.0,0.1,0.8576958985908941
287,0.6333333333333333,70.00000000000001,0.26666666666666666,0.00021544346900318823,0.0001,1.1780972450961724,0.7,0.0,2,7,1.0,0.1,4.641588833612782e-05,1.0,100.0,3,2.154434690031884,1.0,0.25,6.0,0.0,0.1,0.8576958985908941
