,Delta,L,l_a,alpha,beta,gamma,phi_f,H_b,f_H,N_aqt,f_aqt,l_conf,N_pal,s_pal,l_tra,t_tra,N_chan,l_surf_end,Kaqf_type,Kaqt_type,Kh_Kv,Kh_aqf,riv_res,R,index,n,Kv_aqt
0,Kelantan,840.0,0.047619048,0.00025,0.0002,0.03,1.2,250,0.2,2,0.2,1.0,2,0.6,0.25,6000.0,1,0.0,min,min,10.0,0.0008640000000000001,2.5241948475583262,0.0002898275349237889,11,0.25,7.775000000000001e-06
1,Kelantan,840.0,0.047619048,0.00025,0.0002,0.03,1.2,250,0.2,2,0.2,1.0,2,0.6,0.25,6000.0,1,0.0,min,max,10.0,0.0008640000000000001,2.5241948475583262,0.0002898275349237889,11,0.25,0.15000000000000002
2,Kelantan,840.0,0.047619048,0.00025,0.0002,0.03,1.2,250,0.2,2,0.2,1.0,2,0.6,0.25,6000.0,1,0.0,min,mid_0,10.0,0.0008640000000000001,2.5241948475583262,0.0002898275349237889,11,0.25,0.0010799305533227594
3,Kelantan,840.0,0.047619048,0.00025,0.0002,0.03,1.2,250,0.2,2,0.2,1.0,2,0.6,0.25,6000.0,1,0.0,max,min,10.0,8.64,2.5241948475583262,0.0002898275349237889,42,0.25,7.775000000000001e-06
4,Kelantan,840.0,0.047619048,0.00025,0.0002,0.03,1.2,250,0.2,2,0.2,1.0,2,0.6,0.25,6000.0,1,0.0,max,max,10.0,8.64,2.5241948475583262,0.0002898275349237889,42,0.25,0.15000000000000002
5,Kelantan,840.0,0.047619048,0.00025,0.0002,0.03,1.2,250,0.2,2,0.2,1.0,2,0.6,0.25,6000.0,1,0.0,max,mid_0,10.0,8.64,2.5241948475583262,0.0002898275349237889,42,0.25,0.0010799305533227594
6,Kelantan,840.0,0.047619048,0.00025,0.0002,0.03,1.2,250,0.2,2,0.2,1.0,2,0.6,0.25,6000.0,1,0.0,mid_0,min,10.0,0.08639999999999998,2.5241948475583262,0.0002898275349237889,73,0.25,7.775000000000001e-06
7,Kelantan,840.0,0.047619048,0.00025,0.0002,0.03,1.2,250,0.2,2,0.2,1.0,2,0.6,0.25,6000.0,1,0.0,mid_0,max,10.0,0.08639999999999998,2.5241948475583262,0.0002898275349237889,73,0.25,0.15000000000000002
8,Kelantan,840.0,0.047619048,0.00025,0.0002,0.03,1.2,250,0.2,2,0.2,1.0,2,0.6,0.25,6000.0,1,0.0,mid_0,mid_0,10.0,0.08639999999999998,2.5241948475583262,0.0002898275349237889,73,0.25,0.0010799305533227594
9,Chao Praya,1640.0,0.085365854,2.9999999999999997e-05,0.000133,0.03,0.84,600,0.5,7,0.5,1.0,2,0.6,0.7,6000.0,1,0.35714285700000004,min,min,10.0,3.7,51.26209742377916,9.779999999999992e-05,2,0.25,2.1e-07
10,Chao Praya,1640.0,0.085365854,2.9999999999999997e-05,0.000133,0.03,0.84,600,0.5,7,0.5,1.0,2,0.6,0.7,6000.0,1,0.35714285700000004,min,max,10.0,3.7,51.26209742377916,9.779999999999992e-05,2,0.25,0.0005
11,Chao Praya,1640.0,0.085365854,2.9999999999999997e-05,0.000133,0.03,0.84,600,0.5,7,0.5,1.0,2,0.6,0.7,6000.0,1,0.35714285700000004,min,mid_0,10.0,3.7,51.26209742377916,9.779999999999992e-05,2,0.25,1.02469507659596e-05
12,Chao Praya,1640.0,0.085365854,2.9999999999999997e-05,0.000133,0.03,0.84,600,0.5,7,0.5,1.0,2,0.6,0.7,6000.0,1,0.35714285700000004,max,min,10.0,120.0,51.26209742377916,9.779999999999992e-05,33,0.25,2.1e-07
13,Chao Praya,1640.0,0.085365854,2.9999999999999997e-05,0.000133,0.03,0.84,600,0.5,7,0.5,1.0,2,0.6,0.7,6000.0,1,0.35714285700000004,max,max,10.0,120.0,51.26209742377916,9.779999999999992e-05,33,0.25,0.0005
14,Chao Praya,1640.0,0.085365854,2.9999999999999997e-05,0.000133,0.03,0.84,600,0.5,7,0.5,1.0,2,0.6,0.7,6000.0,1,0.35714285700000004,max,mid_0,10.0,120.0,51.26209742377916,9.779999999999992e-05,33,0.25,1.02469507659596e-05
15,Chao Praya,1640.0,0.085365854,2.9999999999999997e-05,0.000133,0.03,0.84,600,0.5,7,0.5,1.0,2,0.6,0.7,6000.0,1,0.35714285700000004,mid_0,min,10.0,21.071307505705473,51.26209742377916,9.779999999999992e-05,64,0.25,2.1e-07
16,Chao Praya,1640.0,0.085365854,2.9999999999999997e-05,0.000133,0.03,0.84,600,0.5,7,0.5,1.0,2,0.6,0.7,6000.0,1,0.35714285700000004,mid_0,max,10.0,21.071307505705473,51.26209742377916,9.779999999999992e-05,64,0.25,0.0005
17,Chao Praya,1640.0,0.085365854,2.9999999999999997e-05,0.000133,0.03,0.84,600,0.5,7,0.5,1.0,2,0.6,0.7,6000.0,1,0.35714285700000004,mid_0,mid_0,10.0,21.071307505705473,51.26209742377916,9.779999999999992e-05,64,0.25,1.02469507659596e-05
18,Rhine-Meuse,1350.0,0.111111111,7.5e-05,0.000167,0.0164,0.927,280,0.642857143,3,0.1,1.0,4,0.2,0.2,7500.0,2,0.26666666699999997,min,min,10.0,0.1,424.26406871192825,0.0004999999999999999,22,0.3,0.001
19,Rhine-Meuse,1350.0,0.111111111,7.5e-05,0.000167,0.0164,0.927,280,0.642857143,3,0.1,1.0,4,0.2,0.2,7500.0,2,0.26666666699999997,min,max,10.0,0.1,424.26406871192825,0.0004999999999999999,22,0.3,0.1
20,Rhine-Meuse,1350.0,0.111111111,7.5e-05,0.000167,0.0164,0.927,280,0.642857143,3,0.1,1.0,4,0.2,0.2,7500.0,2,0.26666666699999997,min,mid_0,10.0,0.1,424.26406871192825,0.0004999999999999999,22,0.3,0.01
21,Rhine-Meuse,1350.0,0.111111111,7.5e-05,0.000167,0.0164,0.927,280,0.642857143,3,0.1,1.0,4,0.2,0.2,7500.0,2,0.26666666699999997,max,min,10.0,100.0,424.26406871192825,0.0004999999999999999,53,0.3,0.001
22,Rhine-Meuse,1350.0,0.111111111,7.5e-05,0.000167,0.0164,0.927,280,0.642857143,3,0.1,1.0,4,0.2,0.2,7500.0,2,0.26666666699999997,max,max,10.0,100.0,424.26406871192825,0.0004999999999999999,53,0.3,0.1
23,Rhine-Meuse,1350.0,0.111111111,7.5e-05,0.000167,0.0164,0.927,280,0.642857143,3,0.1,1.0,4,0.2,0.2,7500.0,2,0.26666666699999997,max,mid_0,10.0,100.0,424.26406871192825,0.0004999999999999999,53,0.3,0.01
24,Rhine-Meuse,1350.0,0.111111111,7.5e-05,0.000167,0.0164,0.927,280,0.642857143,3,0.1,1.0,4,0.2,0.2,7500.0,2,0.26666666699999997,mid_0,min,10.0,3.1622776601683795,424.26406871192825,0.0004999999999999999,84,0.3,0.001
25,Rhine-Meuse,1350.0,0.111111111,7.5e-05,0.000167,0.0164,0.927,280,0.642857143,3,0.1,1.0,4,0.2,0.2,7500.0,2,0.26666666699999997,mid_0,max,10.0,3.1622776601683795,424.26406871192825,0.0004999999999999999,84,0.3,0.1
26,Rhine-Meuse,1350.0,0.111111111,7.5e-05,0.000167,0.0164,0.927,280,0.642857143,3,0.1,1.0,4,0.2,0.2,7500.0,2,0.26666666699999997,mid_0,mid_0,10.0,3.1622776601683795,424.26406871192825,0.0004999999999999999,84,0.3,0.01
27,Pearl,380.0,0.342105263,2.8600000000000004e-05,0.001,0.022,0.7340000000000001,50,0.3,1,0.9,1.0,2,0.6,0.8,6800.0,5,0.33653846200000004,min,min,10.0,1.0,51.26209742377916,0.000274,19,0.25,8.64e-06
28,Pearl,380.0,0.342105263,2.8600000000000004e-05,0.001,0.022,0.7340000000000001,50,0.3,1,0.9,1.0,2,0.6,0.8,6800.0,5,0.33653846200000004,min,max,10.0,1.0,51.26209742377916,0.000274,19,0.25,0.001
29,Pearl,380.0,0.342105263,2.8600000000000004e-05,0.001,0.022,0.7340000000000001,50,0.3,1,0.9,1.0,2,0.6,0.8,6800.0,5,0.33653846200000004,min,mid_0,10.0,1.0,51.26209742377916,0.000274,19,0.25,9.295160030897809e-05
30,Pearl,380.0,0.342105263,2.8600000000000004e-05,0.001,0.022,0.7340000000000001,50,0.3,1,0.9,1.0,2,0.6,0.8,6800.0,5,0.33653846200000004,max,min,10.0,30.0,51.26209742377916,0.000274,50,0.25,8.64e-06
31,Pearl,380.0,0.342105263,2.8600000000000004e-05,0.001,0.022,0.7340000000000001,50,0.3,1,0.9,1.0,2,0.6,0.8,6800.0,5,0.33653846200000004,max,max,10.0,30.0,51.26209742377916,0.000274,50,0.25,0.001
32,Pearl,380.0,0.342105263,2.8600000000000004e-05,0.001,0.022,0.7340000000000001,50,0.3,1,0.9,1.0,2,0.6,0.8,6800.0,5,0.33653846200000004,max,mid_0,10.0,30.0,51.26209742377916,0.000274,50,0.25,9.295160030897809e-05
33,Pearl,380.0,0.342105263,2.8600000000000004e-05,0.001,0.022,0.7340000000000001,50,0.3,1,0.9,1.0,2,0.6,0.8,6800.0,5,0.33653846200000004,mid_0,min,10.0,5.477225575051661,51.26209742377916,0.000274,81,0.25,8.64e-06
34,Pearl,380.0,0.342105263,2.8600000000000004e-05,0.001,0.022,0.7340000000000001,50,0.3,1,0.9,1.0,2,0.6,0.8,6800.0,5,0.33653846200000004,mid_0,max,10.0,5.477225575051661,51.26209742377916,0.000274,81,0.25,0.001
35,Pearl,380.0,0.342105263,2.8600000000000004e-05,0.001,0.022,0.7340000000000001,50,0.3,1,0.9,1.0,2,0.6,0.8,6800.0,5,0.33653846200000004,mid_0,mid_0,10.0,5.477225575051661,51.26209742377916,0.000274,81,0.25,9.295160030897809e-05
36,Yangtze,740.0,0.324324324,5.9999999999999995e-05,0.0003,0.005,0.96,250,0.2,4,0.5,1.0,2,0.6,1.0,7000.0,1,0.125,min,min,10.0,4.0,51.26209742377916,0.0002898275349237889,29,0.25,1e-06
37,Yangtze,740.0,0.324324324,5.9999999999999995e-05,0.0003,0.005,0.96,250,0.2,4,0.5,1.0,2,0.6,1.0,7000.0,1,0.125,min,max,10.0,4.0,51.26209742377916,0.0002898275349237889,29,0.25,2e-05
38,Yangtze,740.0,0.324324324,5.9999999999999995e-05,0.0003,0.005,0.96,250,0.2,4,0.5,1.0,2,0.6,1.0,7000.0,1,0.125,min,mid_0,10.0,4.0,51.26209742377916,0.0002898275349237889,29,0.25,4.47213595499958e-06
39,Yangtze,740.0,0.324324324,5.9999999999999995e-05,0.0003,0.005,0.96,250,0.2,4,0.5,1.0,2,0.6,1.0,7000.0,1,0.125,max,min,10.0,15.0,51.26209742377916,0.0002898275349237889,60,0.25,1e-06
40,Yangtze,740.0,0.324324324,5.9999999999999995e-05,0.0003,0.005,0.96,250,0.2,4,0.5,1.0,2,0.6,1.0,7000.0,1,0.125,max,max,10.0,15.0,51.26209742377916,0.0002898275349237889,60,0.25,2e-05
41,Yangtze,740.0,0.324324324,5.9999999999999995e-05,0.0003,0.005,0.96,250,0.2,4,0.5,1.0,2,0.6,1.0,7000.0,1,0.125,max,mid_0,10.0,15.0,51.26209742377916,0.0002898275349237889,60,0.25,4.47213595499958e-06
42,Yangtze,740.0,0.324324324,5.9999999999999995e-05,0.0003,0.005,0.96,250,0.2,4,0.5,1.0,2,0.6,1.0,7000.0,1,0.125,mid_0,min,10.0,7.745966692414836,51.26209742377916,0.0002898275349237889,91,0.25,1e-06
43,Yangtze,740.0,0.324324324,5.9999999999999995e-05,0.0003,0.005,0.96,250,0.2,4,0.5,1.0,2,0.6,1.0,7000.0,1,0.125,mid_0,max,10.0,7.745966692414836,51.26209742377916,0.0002898275349237889,91,0.25,2e-05
44,Yangtze,740.0,0.324324324,5.9999999999999995e-05,0.0003,0.005,0.96,250,0.2,4,0.5,1.0,2,0.6,1.0,7000.0,1,0.125,mid_0,mid_0,10.0,7.745966692414836,51.26209742377916,0.0002898275349237889,91,0.25,4.47213595499958e-06
45,Red River,640.0,0.21875,5e-05,0.000354,0.0225,0.8690000000000001,150,0.26666666699999997,1,0.3,1.0,2,0.6,0.8,9000.0,3,0.078571429,min,min,10.0,4.92,51.26209742377916,0.0002898275349237889,21,0.155,8.64e-07
46,Red River,640.0,0.21875,5e-05,0.000354,0.0225,0.8690000000000001,150,0.26666666699999997,1,0.3,1.0,2,0.6,0.8,9000.0,3,0.078571429,min,max,10.0,4.92,51.26209742377916,0.0002898275349237889,21,0.155,0.00864
47,Red River,640.0,0.21875,5e-05,0.000354,0.0225,0.8690000000000001,150,0.26666666699999997,1,0.3,1.0,2,0.6,0.8,9000.0,3,0.078571429,min,mid_0,10.0,4.92,51.26209742377916,0.0002898275349237889,21,0.155,8.639999999999999e-05
48,Red River,640.0,0.21875,5e-05,0.000354,0.0225,0.8690000000000001,150,0.26666666699999997,1,0.3,1.0,2,0.6,0.8,9000.0,3,0.078571429,max,min,10.0,29.4,51.26209742377916,0.0002898275349237889,52,0.155,8.64e-07
49,Red River,640.0,0.21875,5e-05,0.000354,0.0225,0.8690000000000001,150,0.26666666699999997,1,0.3,1.0,2,0.6,0.8,9000.0,3,0.078571429,max,max,10.0,29.4,51.26209742377916,0.0002898275349237889,52,0.155,0.00864
50,Red River,640.0,0.21875,5e-05,0.000354,0.0225,0.8690000000000001,150,0.26666666699999997,1,0.3,1.0,2,0.6,0.8,9000.0,3,0.078571429,max,mid_0,10.0,29.4,51.26209742377916,0.0002898275349237889,52,0.155,8.639999999999999e-05
51,Red River,640.0,0.21875,5e-05,0.000354,0.0225,0.8690000000000001,150,0.26666666699999997,1,0.3,1.0,2,0.6,0.8,9000.0,3,0.078571429,mid_0,min,10.0,12.026969693152134,51.26209742377916,0.0002898275349237889,83,0.155,8.64e-07
52,Red River,640.0,0.21875,5e-05,0.000354,0.0225,0.8690000000000001,150,0.26666666699999997,1,0.3,1.0,2,0.6,0.8,9000.0,3,0.078571429,mid_0,max,10.0,12.026969693152134,51.26209742377916,0.0002898275349237889,83,0.155,0.00864
53,Red River,640.0,0.21875,5e-05,0.000354,0.0225,0.8690000000000001,150,0.26666666699999997,1,0.3,1.0,2,0.6,0.8,9000.0,3,0.078571429,mid_0,mid_0,10.0,12.026969693152134,51.26209742377916,0.0002898275349237889,83,0.155,8.639999999999999e-05
54,Ganges-Brahmaputra,530.0,0.622641509,9e-05,0.0005,0.026,1.09,500,0.5,50,0.75,1.0,30,0.6,0.1,7000.0,4,0.545454545,min,min,10.0,17.3,51.26209742377916,0.0006126826258349423,5,0.25,0.0008640000000000001
55,Ganges-Brahmaputra,530.0,0.622641509,9e-05,0.0005,0.026,1.09,500,0.5,50,0.75,1.0,30,0.6,0.1,7000.0,4,0.545454545,min,max,10.0,17.3,51.26209742377916,0.0006126826258349423,5,0.25,0.00778
56,Ganges-Brahmaputra,530.0,0.622641509,9e-05,0.0005,0.026,1.09,500,0.5,50,0.75,1.0,30,0.6,0.1,7000.0,4,0.545454545,min,mid_0,10.0,17.3,51.26209742377916,0.0006126826258349423,5,0.25,0.0025926665809548268
57,Ganges-Brahmaputra,530.0,0.622641509,9e-05,0.0005,0.026,1.09,500,0.5,50,0.75,1.0,30,0.6,0.1,7000.0,4,0.545454545,max,min,10.0,69.1,51.26209742377916,0.0006126826258349423,36,0.25,0.0008640000000000001
58,Ganges-Brahmaputra,530.0,0.622641509,9e-05,0.0005,0.026,1.09,500,0.5,50,0.75,1.0,30,0.6,0.1,7000.0,4,0.545454545,max,max,10.0,69.1,51.26209742377916,0.0006126826258349423,36,0.25,0.00778
59,Ganges-Brahmaputra,530.0,0.622641509,9e-05,0.0005,0.026,1.09,500,0.5,50,0.75,1.0,30,0.6,0.1,7000.0,4,0.545454545,max,mid_0,10.0,69.1,51.26209742377916,0.0006126826258349423,36,0.25,0.0025926665809548268
60,Ganges-Brahmaputra,530.0,0.622641509,9e-05,0.0005,0.026,1.09,500,0.5,50,0.75,1.0,30,0.6,0.1,7000.0,4,0.545454545,mid_0,min,10.0,34.57499096167632,51.26209742377916,0.0006126826258349423,67,0.25,0.0008640000000000001
61,Ganges-Brahmaputra,530.0,0.622641509,9e-05,0.0005,0.026,1.09,500,0.5,50,0.75,1.0,30,0.6,0.1,7000.0,4,0.545454545,mid_0,max,10.0,34.57499096167632,51.26209742377916,0.0006126826258349423,67,0.25,0.00778
62,Ganges-Brahmaputra,530.0,0.622641509,9e-05,0.0005,0.026,1.09,500,0.5,50,0.75,1.0,30,0.6,0.1,7000.0,4,0.545454545,mid_0,mid_0,10.0,34.57499096167632,51.26209742377916,0.0006126826258349423,67,0.25,0.0025926665809548268
63,Yellow River,1660.0,0.397590361,0.001,0.00015,0.005,0.226,300,0.0,5,0.2,0.6,2,0.6,0.2,6000.0,1,0.0,min,min,10.0,1.8,51.26209742377916,0.0002898275349237889,30,0.25,0.00018
64,Yellow River,1660.0,0.397590361,0.001,0.00015,0.005,0.226,300,0.0,5,0.2,0.6,2,0.6,0.2,6000.0,1,0.0,min,max,10.0,1.8,51.26209742377916,0.0002898275349237889,30,0.25,0.02
65,Yellow River,1660.0,0.397590361,0.001,0.00015,0.005,0.226,300,0.0,5,0.2,0.6,2,0.6,0.2,6000.0,1,0.0,min,mid_0,10.0,1.8,51.26209742377916,0.0002898275349237889,30,0.25,0.0018973665961010285
66,Yellow River,1660.0,0.397590361,0.001,0.00015,0.005,0.226,300,0.0,5,0.2,0.6,2,0.6,0.2,6000.0,1,0.0,max,min,10.0,200.0,51.26209742377916,0.0002898275349237889,61,0.25,0.00018
67,Yellow River,1660.0,0.397590361,0.001,0.00015,0.005,0.226,300,0.0,5,0.2,0.6,2,0.6,0.2,6000.0,1,0.0,max,max,10.0,200.0,51.26209742377916,0.0002898275349237889,61,0.25,0.02
68,Yellow River,1660.0,0.397590361,0.001,0.00015,0.005,0.226,300,0.0,5,0.2,0.6,2,0.6,0.2,6000.0,1,0.0,max,mid_0,10.0,200.0,51.26209742377916,0.0002898275349237889,61,0.25,0.0018973665961010285
69,Yellow River,1660.0,0.397590361,0.001,0.00015,0.005,0.226,300,0.0,5,0.2,0.6,2,0.6,0.2,6000.0,1,0.0,mid_0,min,10.0,18.973665961010276,51.26209742377916,0.0002898275349237889,92,0.25,0.00018
70,Yellow River,1660.0,0.397590361,0.001,0.00015,0.005,0.226,300,0.0,5,0.2,0.6,2,0.6,0.2,6000.0,1,0.0,mid_0,max,10.0,18.973665961010276,51.26209742377916,0.0002898275349237889,92,0.25,0.02
71,Yellow River,1660.0,0.397590361,0.001,0.00015,0.005,0.226,300,0.0,5,0.2,0.6,2,0.6,0.2,6000.0,1,0.0,mid_0,mid_0,10.0,18.973665961010276,51.26209742377916,0.0002898275349237889,92,0.25,0.0018973665961010285
72,Rhone,106.0,0.29245283,0.00011,0.00133,0.0267,1.69,100,0.2,1,0.1,0.8,2,0.6,0.5,6000.0,1,0.0,min,min,10.0,0.64,51.26209742377916,0.0002898275349237889,23,0.25,7.775000000000001e-06
73,Rhone,106.0,0.29245283,0.00011,0.00133,0.0267,1.69,100,0.2,1,0.1,0.8,2,0.6,0.5,6000.0,1,0.0,min,max,10.0,0.64,51.26209742377916,0.0002898275349237889,23,0.25,0.15000000000000002
74,Rhone,106.0,0.29245283,0.00011,0.00133,0.0267,1.69,100,0.2,1,0.1,0.8,2,0.6,0.5,6000.0,1,0.0,min,mid_0,10.0,0.64,51.26209742377916,0.0002898275349237889,23,0.25,0.0010799305533227594
75,Rhone,106.0,0.29245283,0.00011,0.00133,0.0267,1.69,100,0.2,1,0.1,0.8,2,0.6,0.5,6000.0,1,0.0,max,min,10.0,1060.0,51.26209742377916,0.0002898275349237889,54,0.25,7.775000000000001e-06
76,Rhone,106.0,0.29245283,0.00011,0.00133,0.0267,1.69,100,0.2,1,0.1,0.8,2,0.6,0.5,6000.0,1,0.0,max,max,10.0,1060.0,51.26209742377916,0.0002898275349237889,54,0.25,0.15000000000000002
77,Rhone,106.0,0.29245283,0.00011,0.00133,0.0267,1.69,100,0.2,1,0.1,0.8,2,0.6,0.5,6000.0,1,0.0,max,mid_0,10.0,1060.0,51.26209742377916,0.0002898275349237889,54,0.25,0.0010799305533227594
78,Rhone,106.0,0.29245283,0.00011,0.00133,0.0267,1.69,100,0.2,1,0.1,0.8,2,0.6,0.5,6000.0,1,0.0,mid_0,min,10.0,26.046112953759547,51.26209742377916,0.0002898275349237889,85,0.25,7.775000000000001e-06
79,Rhone,106.0,0.29245283,0.00011,0.00133,0.0267,1.69,100,0.2,1,0.1,0.8,2,0.6,0.5,6000.0,1,0.0,mid_0,max,10.0,26.046112953759547,51.26209742377916,0.0002898275349237889,85,0.25,0.15000000000000002
80,Rhone,106.0,0.29245283,0.00011,0.00133,0.0267,1.69,100,0.2,1,0.1,0.8,2,0.6,0.5,6000.0,1,0.0,mid_0,mid_0,10.0,26.046112953759547,51.26209742377916,0.0002898275349237889,85,0.25,0.0010799305533227594
81,Po,560.0,0.107142857,4e-05,0.0004,0.0133,0.79,1000,0.3,10,0.5,0.0,2,0.6,0.428571429,6000.0,1,0.0,min,min,10.0,0.0864,51.26209742377916,0.00042399999999999984,20,0.25,8.64e-06
82,Po,560.0,0.107142857,4e-05,0.0004,0.0133,0.79,1000,0.3,10,0.5,0.0,2,0.6,0.428571429,6000.0,1,0.0,min,max,10.0,0.0864,51.26209742377916,0.00042399999999999984,20,0.25,0.0008640000000000001
83,Po,560.0,0.107142857,4e-05,0.0004,0.0133,0.79,1000,0.3,10,0.5,0.0,2,0.6,0.428571429,6000.0,1,0.0,min,mid_0,10.0,0.0864,51.26209742377916,0.00042399999999999984,20,0.25,8.639999999999999e-05
84,Po,560.0,0.107142857,4e-05,0.0004,0.0133,0.79,1000,0.3,10,0.5,0.0,2,0.6,0.428571429,6000.0,1,0.0,max,min,10.0,86.4,51.26209742377916,0.00042399999999999984,51,0.25,8.64e-06
85,Po,560.0,0.107142857,4e-05,0.0004,0.0133,0.79,1000,0.3,10,0.5,0.0,2,0.6,0.428571429,6000.0,1,0.0,max,max,10.0,86.4,51.26209742377916,0.00042399999999999984,51,0.25,0.0008640000000000001
86,Po,560.0,0.107142857,4e-05,0.0004,0.0133,0.79,1000,0.3,10,0.5,0.0,2,0.6,0.428571429,6000.0,1,0.0,max,mid_0,10.0,86.4,51.26209742377916,0.00042399999999999984,51,0.25,8.639999999999999e-05
87,Po,560.0,0.107142857,4e-05,0.0004,0.0133,0.79,1000,0.3,10,0.5,0.0,2,0.6,0.428571429,6000.0,1,0.0,mid_0,min,10.0,2.7322078983854805,51.26209742377916,0.00042399999999999984,82,0.25,8.64e-06
88,Po,560.0,0.107142857,4e-05,0.0004,0.0133,0.79,1000,0.3,10,0.5,0.0,2,0.6,0.428571429,6000.0,1,0.0,mid_0,max,10.0,2.7322078983854805,51.26209742377916,0.00042399999999999984,82,0.25,0.0008640000000000001
89,Po,560.0,0.107142857,4e-05,0.0004,0.0133,0.79,1000,0.3,10,0.5,0.0,2,0.6,0.428571429,6000.0,1,0.0,mid_0,mid_0,10.0,2.7322078983854805,51.26209742377916,0.00042399999999999984,82,0.25,8.639999999999999e-05
90,Burdekin,160.0,0.25,0.0005,0.000667,0.016,0.825,100,0.1,2,0.6,1.0,2,0.6,1.0,10000.0,2,0.0,min,min,1.0,10.0,51.26209742377916,0.0002545633516435547,1,0.3,7.775000000000001e-06
91,Burdekin,160.0,0.25,0.0005,0.000667,0.016,0.825,100,0.1,2,0.6,1.0,2,0.6,1.0,10000.0,2,0.0,min,max,1.0,10.0,51.26209742377916,0.0002545633516435547,1,0.3,0.15000000000000002
92,Burdekin,160.0,0.25,0.0005,0.000667,0.016,0.825,100,0.1,2,0.6,1.0,2,0.6,1.0,10000.0,2,0.0,min,mid_0,1.0,10.0,51.26209742377916,0.0002545633516435547,1,0.3,0.0010799305533227594
93,Burdekin,160.0,0.25,0.0005,0.000667,0.016,0.825,100,0.1,2,0.6,1.0,2,0.6,1.0,10000.0,2,0.0,max,min,1.0,200.0,51.26209742377916,0.0002545633516435547,32,0.3,7.775000000000001e-06
94,Burdekin,160.0,0.25,0.0005,0.000667,0.016,0.825,100,0.1,2,0.6,1.0,2,0.6,1.0,10000.0,2,0.0,max,max,1.0,200.0,51.26209742377916,0.0002545633516435547,32,0.3,0.15000000000000002
95,Burdekin,160.0,0.25,0.0005,0.000667,0.016,0.825,100,0.1,2,0.6,1.0,2,0.6,1.0,10000.0,2,0.0,max,mid_0,1.0,200.0,51.26209742377916,0.0002545633516435547,32,0.3,0.0010799305533227594
96,Burdekin,160.0,0.25,0.0005,0.000667,0.016,0.825,100,0.1,2,0.6,1.0,2,0.6,1.0,10000.0,2,0.0,mid_0,min,1.0,44.721359549995796,51.26209742377916,0.0002545633516435547,63,0.3,7.775000000000001e-06
97,Burdekin,160.0,0.25,0.0005,0.000667,0.016,0.825,100,0.1,2,0.6,1.0,2,0.6,1.0,10000.0,2,0.0,mid_0,max,1.0,44.721359549995796,51.26209742377916,0.0002545633516435547,63,0.3,0.15000000000000002
98,Burdekin,160.0,0.25,0.0005,0.000667,0.016,0.825,100,0.1,2,0.6,1.0,2,0.6,1.0,10000.0,2,0.0,mid_0,mid_0,1.0,44.721359549995796,51.26209742377916,0.0002545633516435547,63,0.3,0.0010799305533227594
99,Fraser,27.5,0.727272727,5.9999999999999995e-05,0.00267,0.105,1.12,300,0.666666667,1,0.6,1.0,1,0.6,1.0,10000.0,2,0.0,min,min,10.0,0.0864,51.26209742377916,0.0004743795948394071,4,0.35,8.64e-06
100,Fraser,27.5,0.727272727,5.9999999999999995e-05,0.00267,0.105,1.12,300,0.666666667,1,0.6,1.0,1,0.6,1.0,10000.0,2,0.0,min,max,10.0,0.0864,51.26209742377916,0.0004743795948394071,4,0.35,0.00864
101,Fraser,27.5,0.727272727,5.9999999999999995e-05,0.00267,0.105,1.12,300,0.666666667,1,0.6,1.0,1,0.6,1.0,10000.0,2,0.0,min,mid_0,10.0,0.0864,51.26209742377916,0.0004743795948394071,4,0.35,0.00027322078983854794
102,Fraser,27.5,0.727272727,5.9999999999999995e-05,0.00267,0.105,1.12,300,0.666666667,1,0.6,1.0,1,0.6,1.0,10000.0,2,0.0,max,min,10.0,43.2,51.26209742377916,0.0004743795948394071,35,0.35,8.64e-06
103,Fraser,27.5,0.727272727,5.9999999999999995e-05,0.00267,0.105,1.12,300,0.666666667,1,0.6,1.0,1,0.6,1.0,10000.0,2,0.0,max,max,10.0,43.2,51.26209742377916,0.0004743795948394071,35,0.35,0.00864
104,Fraser,27.5,0.727272727,5.9999999999999995e-05,0.00267,0.105,1.12,300,0.666666667,1,0.6,1.0,1,0.6,1.0,10000.0,2,0.0,max,mid_0,10.0,43.2,51.26209742377916,0.0004743795948394071,35,0.35,0.00027322078983854794
105,Fraser,27.5,0.727272727,5.9999999999999995e-05,0.00267,0.105,1.12,300,0.666666667,1,0.6,1.0,1,0.6,1.0,10000.0,2,0.0,mid_0,min,10.0,1.9319627325598188,51.26209742377916,0.0004743795948394071,66,0.35,8.64e-06
106,Fraser,27.5,0.727272727,5.9999999999999995e-05,0.00267,0.105,1.12,300,0.666666667,1,0.6,1.0,1,0.6,1.0,10000.0,2,0.0,mid_0,max,10.0,1.9319627325598188,51.26209742377916,0.0004743795948394071,66,0.35,0.00864
107,Fraser,27.5,0.727272727,5.9999999999999995e-05,0.00267,0.105,1.12,300,0.666666667,1,0.6,1.0,1,0.6,1.0,10000.0,2,0.0,mid_0,mid_0,10.0,1.9319627325598188,51.26209742377916,0.0004743795948394071,66,0.35,0.00027322078983854794
108,Llobregat,16.0,0.9375,0.000667,0.001,0.028,1.08,50,0.4,1,0.9,0.5,1,0.6,0.9,10900.0,1,0.0,min,min,10.0,0.27,51.26209742377916,0.0009380831519646864,13,0.2,2.5e-08
109,Llobregat,16.0,0.9375,0.000667,0.001,0.028,1.08,50,0.4,1,0.9,0.5,1,0.6,0.9,10900.0,1,0.0,min,max,10.0,0.27,51.26209742377916,0.0009380831519646864,13,0.2,0.011
110,Llobregat,16.0,0.9375,0.000667,0.001,0.028,1.08,50,0.4,1,0.9,0.5,1,0.6,0.9,10900.0,1,0.0,min,mid_0,10.0,0.27,51.26209742377916,0.0009380831519646864,13,0.2,1.6583123951777004e-05
111,Llobregat,16.0,0.9375,0.000667,0.001,0.028,1.08,50,0.4,1,0.9,0.5,1,0.6,0.9,10900.0,1,0.0,max,min,10.0,1040.0,51.26209742377916,0.0009380831519646864,44,0.2,2.5e-08
112,Llobregat,16.0,0.9375,0.000667,0.001,0.028,1.08,50,0.4,1,0.9,0.5,1,0.6,0.9,10900.0,1,0.0,max,max,10.0,1040.0,51.26209742377916,0.0009380831519646864,44,0.2,0.011
113,Llobregat,16.0,0.9375,0.000667,0.001,0.028,1.08,50,0.4,1,0.9,0.5,1,0.6,0.9,10900.0,1,0.0,max,mid_0,10.0,1040.0,51.26209742377916,0.0009380831519646864,44,0.2,1.6583123951777004e-05
114,Llobregat,16.0,0.9375,0.000667,0.001,0.028,1.08,50,0.4,1,0.9,0.5,1,0.6,0.9,10900.0,1,0.0,mid_0,min,10.0,16.75708805252273,51.26209742377916,0.0009380831519646864,75,0.2,2.5e-08
115,Llobregat,16.0,0.9375,0.000667,0.001,0.028,1.08,50,0.4,1,0.9,0.5,1,0.6,0.9,10900.0,1,0.0,mid_0,max,10.0,16.75708805252273,51.26209742377916,0.0009380831519646864,75,0.2,0.011
116,Llobregat,16.0,0.9375,0.000667,0.001,0.028,1.08,50,0.4,1,0.9,0.5,1,0.6,0.9,10900.0,1,0.0,mid_0,mid_0,10.0,16.75708805252273,51.26209742377916,0.0009380831519646864,75,0.2,1.6583123951777004e-05
117,Jakarta,1250.0,0.04,0.004,5e-05,0.03,0.927,200,0.25,4,0.4,0.5,2,0.6,0.33783783799999995,6500.0,6,0.0,min,min,10.0,0.8640000000000001,51.26209742377916,0.0002898275349237889,10,0.25,0.00864
118,Jakarta,1250.0,0.04,0.004,5e-05,0.03,0.927,200,0.25,4,0.4,0.5,2,0.6,0.33783783799999995,6500.0,6,0.0,min,max,10.0,0.8640000000000001,51.26209742377916,0.0002898275349237889,10,0.25,0.00864
119,Jakarta,1250.0,0.04,0.004,5e-05,0.03,0.927,200,0.25,4,0.4,0.5,2,0.6,0.33783783799999995,6500.0,6,0.0,min,mid_0,10.0,0.8640000000000001,51.26209742377916,0.0002898275349237889,10,0.25,0.008639999999999998
120,Jakarta,1250.0,0.04,0.004,5e-05,0.03,0.927,200,0.25,4,0.4,0.5,2,0.6,0.33783783799999995,6500.0,6,0.0,max,min,10.0,0.8640000000000001,51.26209742377916,0.0002898275349237889,41,0.25,0.00864
121,Jakarta,1250.0,0.04,0.004,5e-05,0.03,0.927,200,0.25,4,0.4,0.5,2,0.6,0.33783783799999995,6500.0,6,0.0,max,max,10.0,0.8640000000000001,51.26209742377916,0.0002898275349237889,41,0.25,0.00864
122,Jakarta,1250.0,0.04,0.004,5e-05,0.03,0.927,200,0.25,4,0.4,0.5,2,0.6,0.33783783799999995,6500.0,6,0.0,max,mid_0,10.0,0.8640000000000001,51.26209742377916,0.0002898275349237889,41,0.25,0.008639999999999998
123,Jakarta,1250.0,0.04,0.004,5e-05,0.03,0.927,200,0.25,4,0.4,0.5,2,0.6,0.33783783799999995,6500.0,6,0.0,mid_0,min,10.0,0.8640000000000001,51.26209742377916,0.0002898275349237889,72,0.25,0.00864
124,Jakarta,1250.0,0.04,0.004,5e-05,0.03,0.927,200,0.25,4,0.4,0.5,2,0.6,0.33783783799999995,6500.0,6,0.0,mid_0,max,10.0,0.8640000000000001,51.26209742377916,0.0002898275349237889,72,0.25,0.00864
125,Jakarta,1250.0,0.04,0.004,5e-05,0.03,0.927,200,0.25,4,0.4,0.5,2,0.6,0.33783783799999995,6500.0,6,0.0,mid_0,mid_0,10.0,0.8640000000000001,51.26209742377916,0.0002898275349237889,72,0.25,0.008639999999999998
126,Doñana,110.0,0.545454545,0.0025,0.002,0.025,1.06,250,0.1,0,0.2,0.7,2,0.6,1.0,6900.0,2,0.0,min,min,5.477225575051661,3.0,51.26209742377916,0.0,7,0.25,0.33299999999999996
127,Doñana,110.0,0.545454545,0.0025,0.002,0.025,1.06,250,0.1,0,0.2,0.7,2,0.6,1.0,6900.0,2,0.0,min,max,5.477225575051661,3.0,51.26209742377916,0.0,7,0.25,0.33299999999999996
128,Doñana,110.0,0.545454545,0.0025,0.002,0.025,1.06,250,0.1,0,0.2,0.7,2,0.6,1.0,6900.0,2,0.0,min,mid_0,5.477225575051661,3.0,51.26209742377916,0.0,7,0.25,0.33299999999999996
129,Doñana,110.0,0.545454545,0.0025,0.002,0.025,1.06,250,0.1,0,0.2,0.7,2,0.6,1.0,6900.0,2,0.0,max,min,5.477225575051661,245.0,51.26209742377916,0.0,38,0.25,0.33299999999999996
130,Doñana,110.0,0.545454545,0.0025,0.002,0.025,1.06,250,0.1,0,0.2,0.7,2,0.6,1.0,6900.0,2,0.0,max,max,5.477225575051661,245.0,51.26209742377916,0.0,38,0.25,0.33299999999999996
131,Doñana,110.0,0.545454545,0.0025,0.002,0.025,1.06,250,0.1,0,0.2,0.7,2,0.6,1.0,6900.0,2,0.0,max,mid_0,5.477225575051661,245.0,51.26209742377916,0.0,38,0.25,0.33299999999999996
132,Doñana,110.0,0.545454545,0.0025,0.002,0.025,1.06,250,0.1,0,0.2,0.7,2,0.6,1.0,6900.0,2,0.0,mid_0,min,5.477225575051661,27.110883423451927,51.26209742377916,0.0,69,0.25,0.33299999999999996
133,Doñana,110.0,0.545454545,0.0025,0.002,0.025,1.06,250,0.1,0,0.2,0.7,2,0.6,1.0,6900.0,2,0.0,mid_0,max,5.477225575051661,27.110883423451927,51.26209742377916,0.0,69,0.25,0.33299999999999996
134,Doñana,110.0,0.545454545,0.0025,0.002,0.025,1.06,250,0.1,0,0.2,0.7,2,0.6,1.0,6900.0,2,0.0,mid_0,mid_0,5.477225575051661,27.110883423451927,51.26209742377916,0.0,69,0.25,0.33299999999999996
135,Mahanadi,110.0,0.545454545,0.0001,0.001,0.022,0.79,105,0.380952381,1,0.5,1.0,2,0.6,0.5,6000.0,5,0.0,min,min,10.0,8.3,51.26209742377916,0.0007612332099954659,14,0.25,0.003
136,Mahanadi,110.0,0.545454545,0.0001,0.001,0.022,0.79,105,0.380952381,1,0.5,1.0,2,0.6,0.5,6000.0,5,0.0,min,max,10.0,8.3,51.26209742377916,0.0007612332099954659,14,0.25,0.008
137,Mahanadi,110.0,0.545454545,0.0001,0.001,0.022,0.79,105,0.380952381,1,0.5,1.0,2,0.6,0.5,6000.0,5,0.0,min,mid_0,10.0,8.3,51.26209742377916,0.0007612332099954659,14,0.25,0.004898979485566358
138,Mahanadi,110.0,0.545454545,0.0001,0.001,0.022,0.79,105,0.380952381,1,0.5,1.0,2,0.6,0.5,6000.0,5,0.0,max,min,10.0,85.0,51.26209742377916,0.0007612332099954659,45,0.25,0.003
139,Mahanadi,110.0,0.545454545,0.0001,0.001,0.022,0.79,105,0.380952381,1,0.5,1.0,2,0.6,0.5,6000.0,5,0.0,max,max,10.0,85.0,51.26209742377916,0.0007612332099954659,45,0.25,0.008
140,Mahanadi,110.0,0.545454545,0.0001,0.001,0.022,0.79,105,0.380952381,1,0.5,1.0,2,0.6,0.5,6000.0,5,0.0,max,mid_0,10.0,85.0,51.26209742377916,0.0007612332099954659,45,0.25,0.004898979485566358
141,Mahanadi,110.0,0.545454545,0.0001,0.001,0.022,0.79,105,0.380952381,1,0.5,1.0,2,0.6,0.5,6000.0,5,0.0,mid_0,min,10.0,26.56124997058685,51.26209742377916,0.0007612332099954659,76,0.25,0.003
142,Mahanadi,110.0,0.545454545,0.0001,0.001,0.022,0.79,105,0.380952381,1,0.5,1.0,2,0.6,0.5,6000.0,5,0.0,mid_0,max,10.0,26.56124997058685,51.26209742377916,0.0007612332099954659,76,0.25,0.008
143,Mahanadi,110.0,0.545454545,0.0001,0.001,0.022,0.79,105,0.380952381,1,0.5,1.0,2,0.6,0.5,6000.0,5,0.0,mid_0,mid_0,10.0,26.56124997058685,51.26209742377916,0.0007612332099954659,76,0.25,0.004898979485566358
144,Vistula,1550.0,0.032258065,2e-05,0.000133,0.0164,0.927,120,0.444444444,1,0.5,0.9,1,0.6,0.0,0.0,2,0.0,min,min,10.0,5.8,2.2821773211124508,0.0002981744455851306,27,0.25,0.0016
145,Vistula,1550.0,0.032258065,2e-05,0.000133,0.0164,0.927,120,0.444444444,1,0.5,0.9,1,0.6,0.0,0.0,2,0.0,min,max,10.0,5.8,2.2821773211124508,0.0002981744455851306,27,0.25,0.0086
146,Vistula,1550.0,0.032258065,2e-05,0.000133,0.0164,0.927,120,0.444444444,1,0.5,0.9,1,0.6,0.0,0.0,2,0.0,min,mid_0,10.0,5.8,2.2821773211124508,0.0002981744455851306,27,0.25,0.003709447398198285
147,Vistula,1550.0,0.032258065,2e-05,0.000133,0.0164,0.927,120,0.444444444,1,0.5,0.9,1,0.6,0.0,0.0,2,0.0,max,min,10.0,168.0,2.2821773211124508,0.0002981744455851306,58,0.25,0.0016
148,Vistula,1550.0,0.032258065,2e-05,0.000133,0.0164,0.927,120,0.444444444,1,0.5,0.9,1,0.6,0.0,0.0,2,0.0,max,max,10.0,168.0,2.2821773211124508,0.0002981744455851306,58,0.25,0.0086
149,Vistula,1550.0,0.032258065,2e-05,0.000133,0.0164,0.927,120,0.444444444,1,0.5,0.9,1,0.6,0.0,0.0,2,0.0,max,mid_0,10.0,168.0,2.2821773211124508,0.0002981744455851306,58,0.25,0.003709447398198285
150,Vistula,1550.0,0.032258065,2e-05,0.000133,0.0164,0.927,120,0.444444444,1,0.5,0.9,1,0.6,0.0,0.0,2,0.0,mid_0,min,10.0,31.215380824202676,2.2821773211124508,0.0002981744455851306,89,0.25,0.0016
151,Vistula,1550.0,0.032258065,2e-05,0.000133,0.0164,0.927,120,0.444444444,1,0.5,0.9,1,0.6,0.0,0.0,2,0.0,mid_0,max,10.0,31.215380824202676,2.2821773211124508,0.0002981744455851306,89,0.25,0.0086
152,Vistula,1550.0,0.032258065,2e-05,0.000133,0.0164,0.927,120,0.444444444,1,0.5,0.9,1,0.6,0.0,0.0,2,0.0,mid_0,mid_0,10.0,31.215380824202676,2.2821773211124508,0.0002981744455851306,89,0.25,0.003709447398198285
153,Mekong,570.0,0.38596491200000005,2.9999999999999997e-05,0.000429,0.03,1.29,500,0.5,8,0.4,1.0,2,0.6,1.0,8000.0,4,0.181818182,min,min,3.0,0.518,51.26209742377916,0.0006356099432828286,15,0.25,5.18e-06
154,Mekong,570.0,0.38596491200000005,2.9999999999999997e-05,0.000429,0.03,1.29,500,0.5,8,0.4,1.0,2,0.6,1.0,8000.0,4,0.181818182,min,max,3.0,0.518,51.26209742377916,0.0006356099432828286,15,0.25,0.0864
155,Mekong,570.0,0.38596491200000005,2.9999999999999997e-05,0.000429,0.03,1.29,500,0.5,8,0.4,1.0,2,0.6,1.0,8000.0,4,0.181818182,min,mid_0,3.0,0.518,51.26209742377916,0.0006356099432828286,15,0.25,0.0006689932735087851
156,Mekong,570.0,0.38596491200000005,2.9999999999999997e-05,0.000429,0.03,1.29,500,0.5,8,0.4,1.0,2,0.6,1.0,8000.0,4,0.181818182,max,min,3.0,67.5,51.26209742377916,0.0006356099432828286,46,0.25,5.18e-06
157,Mekong,570.0,0.38596491200000005,2.9999999999999997e-05,0.000429,0.03,1.29,500,0.5,8,0.4,1.0,2,0.6,1.0,8000.0,4,0.181818182,max,max,3.0,67.5,51.26209742377916,0.0006356099432828286,46,0.25,0.0864
158,Mekong,570.0,0.38596491200000005,2.9999999999999997e-05,0.000429,0.03,1.29,500,0.5,8,0.4,1.0,2,0.6,1.0,8000.0,4,0.181818182,max,mid_0,3.0,67.5,51.26209742377916,0.0006356099432828286,46,0.25,0.0006689932735087851
159,Mekong,570.0,0.38596491200000005,2.9999999999999997e-05,0.000429,0.03,1.29,500,0.5,8,0.4,1.0,2,0.6,1.0,8000.0,4,0.181818182,mid_0,min,3.0,5.913121003328106,51.26209742377916,0.0006356099432828286,77,0.25,5.18e-06
160,Mekong,570.0,0.38596491200000005,2.9999999999999997e-05,0.000429,0.03,1.29,500,0.5,8,0.4,1.0,2,0.6,1.0,8000.0,4,0.181818182,mid_0,max,3.0,5.913121003328106,51.26209742377916,0.0006356099432828286,77,0.25,0.0864
161,Mekong,570.0,0.38596491200000005,2.9999999999999997e-05,0.000429,0.03,1.29,500,0.5,8,0.4,1.0,2,0.6,1.0,8000.0,4,0.181818182,mid_0,mid_0,3.0,5.913121003328106,51.26209742377916,0.0006356099432828286,77,0.25,0.0006689932735087851
162,Volta,70.0,0.571428571,0.00015,0.00133,0.025,1.12,300,0.0,2,0.8,0.0,2,0.6,0.2,5500.0,1,0.0,min,min,10.0,2.0,51.26209742377916,0.0004194746714642021,28,0.25,7.775000000000001e-06
163,Volta,70.0,0.571428571,0.00015,0.00133,0.025,1.12,300,0.0,2,0.8,0.0,2,0.6,0.2,5500.0,1,0.0,min,max,10.0,2.0,51.26209742377916,0.0004194746714642021,28,0.25,0.15000000000000002
164,Volta,70.0,0.571428571,0.00015,0.00133,0.025,1.12,300,0.0,2,0.8,0.0,2,0.6,0.2,5500.0,1,0.0,min,mid_0,10.0,2.0,51.26209742377916,0.0004194746714642021,28,0.25,0.0010799305533227594
165,Volta,70.0,0.571428571,0.00015,0.00133,0.025,1.12,300,0.0,2,0.8,0.0,2,0.6,0.2,5500.0,1,0.0,max,min,10.0,18.0,51.26209742377916,0.0004194746714642021,59,0.25,7.775000000000001e-06
166,Volta,70.0,0.571428571,0.00015,0.00133,0.025,1.12,300,0.0,2,0.8,0.0,2,0.6,0.2,5500.0,1,0.0,max,max,10.0,18.0,51.26209742377916,0.0004194746714642021,59,0.25,0.15000000000000002
167,Volta,70.0,0.571428571,0.00015,0.00133,0.025,1.12,300,0.0,2,0.8,0.0,2,0.6,0.2,5500.0,1,0.0,max,mid_0,10.0,18.0,51.26209742377916,0.0004194746714642021,59,0.25,0.0010799305533227594
168,Volta,70.0,0.571428571,0.00015,0.00133,0.025,1.12,300,0.0,2,0.8,0.0,2,0.6,0.2,5500.0,1,0.0,mid_0,min,10.0,6.0,51.26209742377916,0.0004194746714642021,90,0.25,7.775000000000001e-06
169,Volta,70.0,0.571428571,0.00015,0.00133,0.025,1.12,300,0.0,2,0.8,0.0,2,0.6,0.2,5500.0,1,0.0,mid_0,max,10.0,6.0,51.26209742377916,0.0004194746714642021,90,0.25,0.15000000000000002
170,Volta,70.0,0.571428571,0.00015,0.00133,0.025,1.12,300,0.0,2,0.8,0.0,2,0.6,0.2,5500.0,1,0.0,mid_0,mid_0,10.0,6.0,51.26209742377916,0.0004194746714642021,90,0.25,0.0010799305533227594
171,Tokar,125.0,0.6,0.00107,0.004,0.016,1.03,250,0.2,2,0.5,0.3,2,0.6,0.75,6000.0,1,0.0,min,min,10.0,1.79,51.26209742377916,4.110000000000001e-05,26,0.25,7.775000000000001e-06
172,Tokar,125.0,0.6,0.00107,0.004,0.016,1.03,250,0.2,2,0.5,0.3,2,0.6,0.75,6000.0,1,0.0,min,max,10.0,1.79,51.26209742377916,4.110000000000001e-05,26,0.25,0.15000000000000002
173,Tokar,125.0,0.6,0.00107,0.004,0.016,1.03,250,0.2,2,0.5,0.3,2,0.6,0.75,6000.0,1,0.0,min,mid_0,10.0,1.79,51.26209742377916,4.110000000000001e-05,26,0.25,0.0010799305533227594
174,Tokar,125.0,0.6,0.00107,0.004,0.016,1.03,250,0.2,2,0.5,0.3,2,0.6,0.75,6000.0,1,0.0,max,min,10.0,42.2,51.26209742377916,4.110000000000001e-05,57,0.25,7.775000000000001e-06
175,Tokar,125.0,0.6,0.00107,0.004,0.016,1.03,250,0.2,2,0.5,0.3,2,0.6,0.75,6000.0,1,0.0,max,max,10.0,42.2,51.26209742377916,4.110000000000001e-05,57,0.25,0.15000000000000002
176,Tokar,125.0,0.6,0.00107,0.004,0.016,1.03,250,0.2,2,0.5,0.3,2,0.6,0.75,6000.0,1,0.0,max,mid_0,10.0,42.2,51.26209742377916,4.110000000000001e-05,57,0.25,0.0010799305533227594
177,Tokar,125.0,0.6,0.00107,0.004,0.016,1.03,250,0.2,2,0.5,0.3,2,0.6,0.75,6000.0,1,0.0,mid_0,min,10.0,8.691259977701737,51.26209742377916,4.110000000000001e-05,88,0.25,7.775000000000001e-06
178,Tokar,125.0,0.6,0.00107,0.004,0.016,1.03,250,0.2,2,0.5,0.3,2,0.6,0.75,6000.0,1,0.0,mid_0,max,10.0,8.691259977701737,51.26209742377916,4.110000000000001e-05,88,0.25,0.15000000000000002
179,Tokar,125.0,0.6,0.00107,0.004,0.016,1.03,250,0.2,2,0.5,0.3,2,0.6,0.75,6000.0,1,0.0,mid_0,mid_0,10.0,8.691259977701737,51.26209742377916,4.110000000000001e-05,88,0.25,0.0010799305533227594
180,Ebro,120.0,0.5,0.00021,0.0020800000000000003,0.04,0.568,100,0.25,0,0.9,0.5,2,0.6,0.5,7000.0,1,0.0,min,min,10.0,0.64,51.26209742377916,0.0002898275349237889,3,0.25,7.775000000000001e-06
181,Ebro,120.0,0.5,0.00021,0.0020800000000000003,0.04,0.568,100,0.25,0,0.9,0.5,2,0.6,0.5,7000.0,1,0.0,min,max,10.0,0.64,51.26209742377916,0.0002898275349237889,3,0.25,0.15000000000000002
182,Ebro,120.0,0.5,0.00021,0.0020800000000000003,0.04,0.568,100,0.25,0,0.9,0.5,2,0.6,0.5,7000.0,1,0.0,min,mid_0,10.0,0.64,51.26209742377916,0.0002898275349237889,3,0.25,0.0010799305533227594
183,Ebro,120.0,0.5,0.00021,0.0020800000000000003,0.04,0.568,100,0.25,0,0.9,0.5,2,0.6,0.5,7000.0,1,0.0,max,min,10.0,1060.0,51.26209742377916,0.0002898275349237889,34,0.25,7.775000000000001e-06
184,Ebro,120.0,0.5,0.00021,0.0020800000000000003,0.04,0.568,100,0.25,0,0.9,0.5,2,0.6,0.5,7000.0,1,0.0,max,max,10.0,1060.0,51.26209742377916,0.0002898275349237889,34,0.25,0.15000000000000002
185,Ebro,120.0,0.5,0.00021,0.0020800000000000003,0.04,0.568,100,0.25,0,0.9,0.5,2,0.6,0.5,7000.0,1,0.0,max,mid_0,10.0,1060.0,51.26209742377916,0.0002898275349237889,34,0.25,0.0010799305533227594
186,Ebro,120.0,0.5,0.00021,0.0020800000000000003,0.04,0.568,100,0.25,0,0.9,0.5,2,0.6,0.5,7000.0,1,0.0,mid_0,min,10.0,26.046112953759547,51.26209742377916,0.0002898275349237889,65,0.25,7.775000000000001e-06
187,Ebro,120.0,0.5,0.00021,0.0020800000000000003,0.04,0.568,100,0.25,0,0.9,0.5,2,0.6,0.5,7000.0,1,0.0,mid_0,max,10.0,26.046112953759547,51.26209742377916,0.0002898275349237889,65,0.25,0.15000000000000002
188,Ebro,120.0,0.5,0.00021,0.0020800000000000003,0.04,0.568,100,0.25,0,0.9,0.5,2,0.6,0.5,7000.0,1,0.0,mid_0,mid_0,10.0,26.046112953759547,51.26209742377916,0.0002898275349237889,65,0.25,0.0010799305533227594
189,Shatt al-Arab,1500.0,0.333333333,0.00022,0.00015,0.02,0.16,700,0.11428571400000001,2,0.5,1.0,2,0.6,1.0,6000.0,1,0.24,min,min,6.708203932499369,0.0994,51.26209742377916,0.0,25,0.25,0.0011099999999999999
190,Shatt al-Arab,1500.0,0.333333333,0.00022,0.00015,0.02,0.16,700,0.11428571400000001,2,0.5,1.0,2,0.6,1.0,6000.0,1,0.24,min,max,6.708203932499369,0.0994,51.26209742377916,0.0,25,0.25,0.47600000000000003
191,Shatt al-Arab,1500.0,0.333333333,0.00022,0.00015,0.02,0.16,700,0.11428571400000001,2,0.5,1.0,2,0.6,1.0,6000.0,1,0.24,min,mid_0,6.708203932499369,0.0994,51.26209742377916,0.0,25,0.25,0.022986082745870384
192,Shatt al-Arab,1500.0,0.333333333,0.00022,0.00015,0.02,0.16,700,0.11428571400000001,2,0.5,1.0,2,0.6,1.0,6000.0,1,0.24,max,min,6.708203932499369,3.33,51.26209742377916,0.0,56,0.25,0.0011099999999999999
193,Shatt al-Arab,1500.0,0.333333333,0.00022,0.00015,0.02,0.16,700,0.11428571400000001,2,0.5,1.0,2,0.6,1.0,6000.0,1,0.24,max,max,6.708203932499369,3.33,51.26209742377916,0.0,56,0.25,0.47600000000000003
194,Shatt al-Arab,1500.0,0.333333333,0.00022,0.00015,0.02,0.16,700,0.11428571400000001,2,0.5,1.0,2,0.6,1.0,6000.0,1,0.24,max,mid_0,6.708203932499369,3.33,51.26209742377916,0.0,56,0.25,0.022986082745870384
195,Shatt al-Arab,1500.0,0.333333333,0.00022,0.00015,0.02,0.16,700,0.11428571400000001,2,0.5,1.0,2,0.6,1.0,6000.0,1,0.24,mid_0,min,6.708203932499369,0.5753277326880742,51.26209742377916,0.0,87,0.25,0.0011099999999999999
196,Shatt al-Arab,1500.0,0.333333333,0.00022,0.00015,0.02,0.16,700,0.11428571400000001,2,0.5,1.0,2,0.6,1.0,6000.0,1,0.24,mid_0,max,6.708203932499369,0.5753277326880742,51.26209742377916,0.0,87,0.25,0.47600000000000003
197,Shatt al-Arab,1500.0,0.333333333,0.00022,0.00015,0.02,0.16,700,0.11428571400000001,2,0.5,1.0,2,0.6,1.0,6000.0,1,0.24,mid_0,mid_0,6.708203932499369,0.5753277326880742,51.26209742377916,0.0,87,0.25,0.022986082745870384
198,Mississippi,300.0,0.666666667,2e-05,0.0015,0.03,1.29,1000,0.6,30,0.5,1.0,2,0.6,1.0,8000.0,1,0.0,min,min,10.0,0.3,51.26209742377916,0.0002898275349237889,16,0.3,0.004
199,Mississippi,300.0,0.666666667,2e-05,0.0015,0.03,1.29,1000,0.6,30,0.5,1.0,2,0.6,1.0,8000.0,1,0.0,min,max,10.0,0.3,51.26209742377916,0.0002898275349237889,16,0.3,0.004
200,Mississippi,300.0,0.666666667,2e-05,0.0015,0.03,1.29,1000,0.6,30,0.5,1.0,2,0.6,1.0,8000.0,1,0.0,min,mid_0,10.0,0.3,51.26209742377916,0.0002898275349237889,16,0.3,0.004000000000000001
201,Mississippi,300.0,0.666666667,2e-05,0.0015,0.03,1.29,1000,0.6,30,0.5,1.0,2,0.6,1.0,8000.0,1,0.0,max,min,10.0,114.0,51.26209742377916,0.0002898275349237889,47,0.3,0.004
202,Mississippi,300.0,0.666666667,2e-05,0.0015,0.03,1.29,1000,0.6,30,0.5,1.0,2,0.6,1.0,8000.0,1,0.0,max,max,10.0,114.0,51.26209742377916,0.0002898275349237889,47,0.3,0.004
203,Mississippi,300.0,0.666666667,2e-05,0.0015,0.03,1.29,1000,0.6,30,0.5,1.0,2,0.6,1.0,8000.0,1,0.0,max,mid_0,10.0,114.0,51.26209742377916,0.0002898275349237889,47,0.3,0.004000000000000001
204,Mississippi,300.0,0.666666667,2e-05,0.0015,0.03,1.29,1000,0.6,30,0.5,1.0,2,0.6,1.0,8000.0,1,0.0,mid_0,min,10.0,5.848076606885377,51.26209742377916,0.0002898275349237889,78,0.3,0.004
205,Mississippi,300.0,0.666666667,2e-05,0.0015,0.03,1.29,1000,0.6,30,0.5,1.0,2,0.6,1.0,8000.0,1,0.0,mid_0,max,10.0,5.848076606885377,51.26209742377916,0.0002898275349237889,78,0.3,0.004
206,Mississippi,300.0,0.666666667,2e-05,0.0015,0.03,1.29,1000,0.6,30,0.5,1.0,2,0.6,1.0,8000.0,1,0.0,mid_0,mid_0,10.0,5.848076606885377,51.26209742377916,0.0002898275349237889,78,0.3,0.004000000000000001
207,Saloum,170.0,0.705882353,4.1700000000000004e-05,0.00264,0.0222,0.79,80,1.0,1,0.1,0.0,2,0.6,0.9,4500.0,2,1.6666666669999999,min,min,10.0,1.47,51.26209742377916,0.0,24,0.25,7.775000000000001e-06
208,Saloum,170.0,0.705882353,4.1700000000000004e-05,0.00264,0.0222,0.79,80,1.0,1,0.1,0.0,2,0.6,0.9,4500.0,2,1.6666666669999999,min,max,10.0,1.47,51.26209742377916,0.0,24,0.25,0.15000000000000002
209,Saloum,170.0,0.705882353,4.1700000000000004e-05,0.00264,0.0222,0.79,80,1.0,1,0.1,0.0,2,0.6,0.9,4500.0,2,1.6666666669999999,min,mid_0,10.0,1.47,51.26209742377916,0.0,24,0.25,0.0010799305533227594
210,Saloum,170.0,0.705882353,4.1700000000000004e-05,0.00264,0.0222,0.79,80,1.0,1,0.1,0.0,2,0.6,0.9,4500.0,2,1.6666666669999999,max,min,10.0,190.0,51.26209742377916,0.0,55,0.25,7.775000000000001e-06
211,Saloum,170.0,0.705882353,4.1700000000000004e-05,0.00264,0.0222,0.79,80,1.0,1,0.1,0.0,2,0.6,0.9,4500.0,2,1.6666666669999999,max,max,10.0,190.0,51.26209742377916,0.0,55,0.25,0.15000000000000002
212,Saloum,170.0,0.705882353,4.1700000000000004e-05,0.00264,0.0222,0.79,80,1.0,1,0.1,0.0,2,0.6,0.9,4500.0,2,1.6666666669999999,max,mid_0,10.0,190.0,51.26209742377916,0.0,55,0.25,0.0010799305533227594
213,Saloum,170.0,0.705882353,4.1700000000000004e-05,0.00264,0.0222,0.79,80,1.0,1,0.1,0.0,2,0.6,0.9,4500.0,2,1.6666666669999999,mid_0,min,10.0,16.712270940838646,51.26209742377916,0.0,86,0.25,7.775000000000001e-06
214,Saloum,170.0,0.705882353,4.1700000000000004e-05,0.00264,0.0222,0.79,80,1.0,1,0.1,0.0,2,0.6,0.9,4500.0,2,1.6666666669999999,mid_0,max,10.0,16.712270940838646,51.26209742377916,0.0,86,0.25,0.15000000000000002
215,Saloum,170.0,0.705882353,4.1700000000000004e-05,0.00264,0.0222,0.79,80,1.0,1,0.1,0.0,2,0.6,0.9,4500.0,2,1.6666666669999999,mid_0,mid_0,10.0,16.712270940838646,51.26209742377916,0.0,86,0.25,0.0010799305533227594
216,Nile,245.0,0.6938775509999999,9e-05,0.002,0.02,1.45,1000,0.2,4,0.4,1.0,2,0.6,0.15,8000.0,2,0.0,min,min,31.622776601683793,6.6,100.0,0.0,18,0.25,1e-05
217,Nile,245.0,0.6938775509999999,9e-05,0.002,0.02,1.45,1000,0.2,4,0.4,1.0,2,0.6,0.15,8000.0,2,0.0,min,max,31.622776601683793,6.6,100.0,0.0,18,0.25,0.655
218,Nile,245.0,0.6938775509999999,9e-05,0.002,0.02,1.45,1000,0.2,4,0.4,1.0,2,0.6,0.15,8000.0,2,0.0,min,mid_0,31.622776601683793,6.6,100.0,0.0,18,0.25,0.0025592967784139457
219,Nile,245.0,0.6938775509999999,9e-05,0.002,0.02,1.45,1000,0.2,4,0.4,1.0,2,0.6,0.15,8000.0,2,0.0,max,min,31.622776601683793,100.0,100.0,0.0,49,0.25,1e-05
220,Nile,245.0,0.6938775509999999,9e-05,0.002,0.02,1.45,1000,0.2,4,0.4,1.0,2,0.6,0.15,8000.0,2,0.0,max,max,31.622776601683793,100.0,100.0,0.0,49,0.25,0.655
221,Nile,245.0,0.6938775509999999,9e-05,0.002,0.02,1.45,1000,0.2,4,0.4,1.0,2,0.6,0.15,8000.0,2,0.0,max,mid_0,31.622776601683793,100.0,100.0,0.0,49,0.25,0.0025592967784139457
222,Nile,245.0,0.6938775509999999,9e-05,0.002,0.02,1.45,1000,0.2,4,0.4,1.0,2,0.6,0.15,8000.0,2,0.0,mid_0,min,31.622776601683793,25.690465157330248,100.0,0.0,80,0.25,1e-05
223,Nile,245.0,0.6938775509999999,9e-05,0.002,0.02,1.45,1000,0.2,4,0.4,1.0,2,0.6,0.15,8000.0,2,0.0,mid_0,max,31.622776601683793,25.690465157330248,100.0,0.0,80,0.25,0.655
224,Nile,245.0,0.6938775509999999,9e-05,0.002,0.02,1.45,1000,0.2,4,0.4,1.0,2,0.6,0.15,8000.0,2,0.0,mid_0,mid_0,31.622776601683793,25.690465157330248,100.0,0.0,80,0.25,0.0025592967784139457
225,Krishna,100.0,0.7,0.00047000000000000004,0.0016699999999999998,0.04,0.927,260,0.615384615,3,0.6,1.0,1,0.6,0.5,6000.0,1,0.0,min,min,10.0,0.64,51.26209742377916,0.0002898275349237889,12,0.25,7.775000000000001e-06
226,Krishna,100.0,0.7,0.00047000000000000004,0.0016699999999999998,0.04,0.927,260,0.615384615,3,0.6,1.0,1,0.6,0.5,6000.0,1,0.0,min,max,10.0,0.64,51.26209742377916,0.0002898275349237889,12,0.25,0.15000000000000002
227,Krishna,100.0,0.7,0.00047000000000000004,0.0016699999999999998,0.04,0.927,260,0.615384615,3,0.6,1.0,1,0.6,0.5,6000.0,1,0.0,min,mid_0,10.0,0.64,51.26209742377916,0.0002898275349237889,12,0.25,0.0010799305533227594
228,Krishna,100.0,0.7,0.00047000000000000004,0.0016699999999999998,0.04,0.927,260,0.615384615,3,0.6,1.0,1,0.6,0.5,6000.0,1,0.0,max,min,10.0,1060.0,51.26209742377916,0.0002898275349237889,43,0.25,7.775000000000001e-06
229,Krishna,100.0,0.7,0.00047000000000000004,0.0016699999999999998,0.04,0.927,260,0.615384615,3,0.6,1.0,1,0.6,0.5,6000.0,1,0.0,max,max,10.0,1060.0,51.26209742377916,0.0002898275349237889,43,0.25,0.15000000000000002
230,Krishna,100.0,0.7,0.00047000000000000004,0.0016699999999999998,0.04,0.927,260,0.615384615,3,0.6,1.0,1,0.6,0.5,6000.0,1,0.0,max,mid_0,10.0,1060.0,51.26209742377916,0.0002898275349237889,43,0.25,0.0010799305533227594
231,Krishna,100.0,0.7,0.00047000000000000004,0.0016699999999999998,0.04,0.927,260,0.615384615,3,0.6,1.0,1,0.6,0.5,6000.0,1,0.0,mid_0,min,10.0,26.046112953759547,51.26209742377916,0.0002898275349237889,74,0.25,7.775000000000001e-06
232,Krishna,100.0,0.7,0.00047000000000000004,0.0016699999999999998,0.04,0.927,260,0.615384615,3,0.6,1.0,1,0.6,0.5,6000.0,1,0.0,mid_0,max,10.0,26.046112953759547,51.26209742377916,0.0002898275349237889,74,0.25,0.15000000000000002
233,Krishna,100.0,0.7,0.00047000000000000004,0.0016699999999999998,0.04,0.927,260,0.615384615,3,0.6,1.0,1,0.6,0.5,6000.0,1,0.0,mid_0,mid_0,10.0,26.046112953759547,51.26209742377916,0.0002898275349237889,74,0.25,0.0010799305533227594
234,Godovari,110.0,0.727272727,0.00027,0.0033299999999999996,0.029,1.12,440,0.113636364,3,0.6,1.0,3,0.6,0.4,6000.0,2,0.0,min,min,10.0,0.64,51.26209742377916,0.0002898275349237889,6,0.25,7.775000000000001e-06
235,Godovari,110.0,0.727272727,0.00027,0.0033299999999999996,0.029,1.12,440,0.113636364,3,0.6,1.0,3,0.6,0.4,6000.0,2,0.0,min,max,10.0,0.64,51.26209742377916,0.0002898275349237889,6,0.25,0.15000000000000002
236,Godovari,110.0,0.727272727,0.00027,0.0033299999999999996,0.029,1.12,440,0.113636364,3,0.6,1.0,3,0.6,0.4,6000.0,2,0.0,min,mid_0,10.0,0.64,51.26209742377916,0.0002898275349237889,6,0.25,0.0010799305533227594
237,Godovari,110.0,0.727272727,0.00027,0.0033299999999999996,0.029,1.12,440,0.113636364,3,0.6,1.0,3,0.6,0.4,6000.0,2,0.0,max,min,10.0,1060.0,51.26209742377916,0.0002898275349237889,37,0.25,7.775000000000001e-06
238,Godovari,110.0,0.727272727,0.00027,0.0033299999999999996,0.029,1.12,440,0.113636364,3,0.6,1.0,3,0.6,0.4,6000.0,2,0.0,max,max,10.0,1060.0,51.26209742377916,0.0002898275349237889,37,0.25,0.15000000000000002
239,Godovari,110.0,0.727272727,0.00027,0.0033299999999999996,0.029,1.12,440,0.113636364,3,0.6,1.0,3,0.6,0.4,6000.0,2,0.0,max,mid_0,10.0,1060.0,51.26209742377916,0.0002898275349237889,37,0.25,0.0010799305533227594
240,Godovari,110.0,0.727272727,0.00027,0.0033299999999999996,0.029,1.12,440,0.113636364,3,0.6,1.0,3,0.6,0.4,6000.0,2,0.0,mid_0,min,10.0,26.046112953759547,51.26209742377916,0.0002898275349237889,68,0.25,7.775000000000001e-06
241,Godovari,110.0,0.727272727,0.00027,0.0033299999999999996,0.029,1.12,440,0.113636364,3,0.6,1.0,3,0.6,0.4,6000.0,2,0.0,mid_0,max,10.0,26.046112953759547,51.26209742377916,0.0002898275349237889,68,0.25,0.15000000000000002
242,Godovari,110.0,0.727272727,0.00027,0.0033299999999999996,0.029,1.12,440,0.113636364,3,0.6,1.0,3,0.6,0.4,6000.0,2,0.0,mid_0,mid_0,10.0,26.046112953759547,51.26209742377916,0.0002898275349237889,68,0.25,0.0010799305533227594
243,Niger,500.0,0.8,7e-05,0.00065,0.0363,0.927,1700,1.176470588,20,0.3,0.5,2,0.6,0.3,5500.0,14,0.0,min,min,10.0,18.1,51.26209742377916,0.0002898275349237889,17,0.25,7.775000000000001e-06
244,Niger,500.0,0.8,7e-05,0.00065,0.0363,0.927,1700,1.176470588,20,0.3,0.5,2,0.6,0.3,5500.0,14,0.0,min,max,10.0,18.1,51.26209742377916,0.0002898275349237889,17,0.25,0.15000000000000002
245,Niger,500.0,0.8,7e-05,0.00065,0.0363,0.927,1700,1.176470588,20,0.3,0.5,2,0.6,0.3,5500.0,14,0.0,min,mid_0,10.0,18.1,51.26209742377916,0.0002898275349237889,17,0.25,0.0010799305533227594
246,Niger,500.0,0.8,7e-05,0.00065,0.0363,0.927,1700,1.176470588,20,0.3,0.5,2,0.6,0.3,5500.0,14,0.0,max,min,10.0,148.0,51.26209742377916,0.0002898275349237889,48,0.25,7.775000000000001e-06
247,Niger,500.0,0.8,7e-05,0.00065,0.0363,0.927,1700,1.176470588,20,0.3,0.5,2,0.6,0.3,5500.0,14,0.0,max,max,10.0,148.0,51.26209742377916,0.0002898275349237889,48,0.25,0.15000000000000002
248,Niger,500.0,0.8,7e-05,0.00065,0.0363,0.927,1700,1.176470588,20,0.3,0.5,2,0.6,0.3,5500.0,14,0.0,max,mid_0,10.0,148.0,51.26209742377916,0.0002898275349237889,48,0.25,0.0010799305533227594
249,Niger,500.0,0.8,7e-05,0.00065,0.0363,0.927,1700,1.176470588,20,0.3,0.5,2,0.6,0.3,5500.0,14,0.0,mid_0,min,10.0,51.757125113360004,51.26209742377916,0.0002898275349237889,79,0.25,7.775000000000001e-06
250,Niger,500.0,0.8,7e-05,0.00065,0.0363,0.927,1700,1.176470588,20,0.3,0.5,2,0.6,0.3,5500.0,14,0.0,mid_0,max,10.0,51.757125113360004,51.26209742377916,0.0002898275349237889,79,0.25,0.15000000000000002
251,Niger,500.0,0.8,7e-05,0.00065,0.0363,0.927,1700,1.176470588,20,0.3,0.5,2,0.6,0.3,5500.0,14,0.0,mid_0,mid_0,10.0,51.757125113360004,51.26209742377916,0.0002898275349237889,79,0.25,0.0010799305533227594
252,Ayeyarwady,470.0,0.574468085,8e-05,0.0005,0.023,0.805,3000,0.3,6,0.5,1.0,3,1.0,0.296296296,9300.0,4,0.37037037,min,min,10.0,1.44,51.26209742377916,0.0005577831119709519,0,0.25,7.775000000000001e-06
253,Ayeyarwady,470.0,0.574468085,8e-05,0.0005,0.023,0.805,3000,0.3,6,0.5,1.0,3,1.0,0.296296296,9300.0,4,0.37037037,min,max,10.0,1.44,51.26209742377916,0.0005577831119709519,0,0.25,0.15000000000000002
254,Ayeyarwady,470.0,0.574468085,8e-05,0.0005,0.023,0.805,3000,0.3,6,0.5,1.0,3,1.0,0.296296296,9300.0,4,0.37037037,min,mid_0,10.0,1.44,51.26209742377916,0.0005577831119709519,0,0.25,0.0010799305533227594
255,Ayeyarwady,470.0,0.574468085,8e-05,0.0005,0.023,0.805,3000,0.3,6,0.5,1.0,3,1.0,0.296296296,9300.0,4,0.37037037,max,min,10.0,167.0,51.26209742377916,0.0005577831119709519,31,0.25,7.775000000000001e-06
256,Ayeyarwady,470.0,0.574468085,8e-05,0.0005,0.023,0.805,3000,0.3,6,0.5,1.0,3,1.0,0.296296296,9300.0,4,0.37037037,max,max,10.0,167.0,51.26209742377916,0.0005577831119709519,31,0.25,0.15000000000000002
257,Ayeyarwady,470.0,0.574468085,8e-05,0.0005,0.023,0.805,3000,0.3,6,0.5,1.0,3,1.0,0.296296296,9300.0,4,0.37037037,max,mid_0,10.0,167.0,51.26209742377916,0.0005577831119709519,31,0.25,0.0010799305533227594
258,Ayeyarwady,470.0,0.574468085,8e-05,0.0005,0.023,0.805,3000,0.3,6,0.5,1.0,3,1.0,0.296296296,9300.0,4,0.37037037,mid_0,min,10.0,15.507417579984097,51.26209742377916,0.0005577831119709519,62,0.25,7.775000000000001e-06
259,Ayeyarwady,470.0,0.574468085,8e-05,0.0005,0.023,0.805,3000,0.3,6,0.5,1.0,3,1.0,0.296296296,9300.0,4,0.37037037,mid_0,max,10.0,15.507417579984097,51.26209742377916,0.0005577831119709519,62,0.25,0.15000000000000002
260,Ayeyarwady,470.0,0.574468085,8e-05,0.0005,0.023,0.805,3000,0.3,6,0.5,1.0,3,1.0,0.296296296,9300.0,4,0.37037037,mid_0,mid_0,10.0,15.507417579984097,51.26209742377916,0.0005577831119709519,62,0.25,0.0010799305533227594
261,Indus,294.0,0.557823129,0.000125,0.0017800000000000001,0.0267,0.858,250,1.0,1,0.3,1.0,2,0.6,0.18292682899999999,8000.0,1,0.213414634,min,min,10.0,10.0,51.26209742377916,0.0,9,0.25,0.02
262,Indus,294.0,0.557823129,0.000125,0.0017800000000000001,0.0267,0.858,250,1.0,1,0.3,1.0,2,0.6,0.18292682899999999,8000.0,1,0.213414634,min,max,10.0,10.0,51.26209742377916,0.0,9,0.25,0.3
263,Indus,294.0,0.557823129,0.000125,0.0017800000000000001,0.0267,0.858,250,1.0,1,0.3,1.0,2,0.6,0.18292682899999999,8000.0,1,0.213414634,min,mid_0,10.0,10.0,51.26209742377916,0.0,9,0.25,0.07745966692414835
264,Indus,294.0,0.557823129,0.000125,0.0017800000000000001,0.0267,0.858,250,1.0,1,0.3,1.0,2,0.6,0.18292682899999999,8000.0,1,0.213414634,max,min,10.0,60.0,51.26209742377916,0.0,40,0.25,0.02
265,Indus,294.0,0.557823129,0.000125,0.0017800000000000001,0.0267,0.858,250,1.0,1,0.3,1.0,2,0.6,0.18292682899999999,8000.0,1,0.213414634,max,max,10.0,60.0,51.26209742377916,0.0,40,0.25,0.3
266,Indus,294.0,0.557823129,0.000125,0.0017800000000000001,0.0267,0.858,250,1.0,1,0.3,1.0,2,0.6,0.18292682899999999,8000.0,1,0.213414634,max,mid_0,10.0,60.0,51.26209742377916,0.0,40,0.25,0.07745966692414835
267,Indus,294.0,0.557823129,0.000125,0.0017800000000000001,0.0267,0.858,250,1.0,1,0.3,1.0,2,0.6,0.18292682899999999,8000.0,1,0.213414634,mid_0,min,10.0,24.494897427831788,51.26209742377916,0.0,71,0.25,0.02
268,Indus,294.0,0.557823129,0.000125,0.0017800000000000001,0.0267,0.858,250,1.0,1,0.3,1.0,2,0.6,0.18292682899999999,8000.0,1,0.213414634,mid_0,max,10.0,24.494897427831788,51.26209742377916,0.0,71,0.25,0.3
269,Indus,294.0,0.557823129,0.000125,0.0017800000000000001,0.0267,0.858,250,1.0,1,0.3,1.0,2,0.6,0.18292682899999999,8000.0,1,0.213414634,mid_0,mid_0,10.0,24.494897427831788,51.26209742377916,0.0,71,0.25,0.07745966692414835
270,Incomati,115.0,0.565217391,0.0004,0.001,0.022,1.31,160,0.3125,2,0.5,0.0,2,0.6,0.0,0.0,1,0.615384615,min,min,10.0,1.0,51.26209742377916,0.00014901879076143382,8,0.22499999999999998,0.1
271,Incomati,115.0,0.565217391,0.0004,0.001,0.022,1.31,160,0.3125,2,0.5,0.0,2,0.6,0.0,0.0,1,0.615384615,min,max,10.0,1.0,51.26209742377916,0.00014901879076143382,8,0.22499999999999998,1.0
272,Incomati,115.0,0.565217391,0.0004,0.001,0.022,1.31,160,0.3125,2,0.5,0.0,2,0.6,0.0,0.0,1,0.615384615,min,mid_0,10.0,1.0,51.26209742377916,0.00014901879076143382,8,0.22499999999999998,0.31622776601683794
273,Incomati,115.0,0.565217391,0.0004,0.001,0.022,1.31,160,0.3125,2,0.5,0.0,2,0.6,0.0,0.0,1,0.615384615,max,min,10.0,18.0,51.26209742377916,0.00014901879076143382,39,0.22499999999999998,0.1
274,Incomati,115.0,0.565217391,0.0004,0.001,0.022,1.31,160,0.3125,2,0.5,0.0,2,0.6,0.0,0.0,1,0.615384615,max,max,10.0,18.0,51.26209742377916,0.00014901879076143382,39,0.22499999999999998,1.0
275,Incomati,115.0,0.565217391,0.0004,0.001,0.022,1.31,160,0.3125,2,0.5,0.0,2,0.6,0.0,0.0,1,0.615384615,max,mid_0,10.0,18.0,51.26209742377916,0.00014901879076143382,39,0.22499999999999998,0.31622776601683794
276,Incomati,115.0,0.565217391,0.0004,0.001,0.022,1.31,160,0.3125,2,0.5,0.0,2,0.6,0.0,0.0,1,0.615384615,mid_0,min,10.0,4.242640687119285,51.26209742377916,0.00014901879076143382,70,0.22499999999999998,0.1
277,Incomati,115.0,0.565217391,0.0004,0.001,0.022,1.31,160,0.3125,2,0.5,0.0,2,0.6,0.0,0.0,1,0.615384615,mid_0,max,10.0,4.242640687119285,51.26209742377916,0.00014901879076143382,70,0.22499999999999998,1.0
278,Incomati,115.0,0.565217391,0.0004,0.001,0.022,1.31,160,0.3125,2,0.5,0.0,2,0.6,0.0,0.0,1,0.615384615,mid_0,mid_0,10.0,4.242640687119285,51.26209742377916,0.00014901879076143382,70,0.22499999999999998,0.31622776601683794
