,a,b,D,dD,alpha,beta,phi,SM,clay_conf,n_clay,N_pal,s_pal,kh,kh_conf,kh_mar,f_kh_pal,N_chan,f_cond_chan,intrusion_L,rch_rate,por,al,tra
0,0.3,0.6,169.84992522418108,0.6,7.5e-05,0.0006,0.7853981633974483,0.30000000000000004,0.2,2,3,0.6666666666666666,1.0,0.1,0.002154434690031882,0.6666666666666666,3,21.544346900318832,0.16666666666666666,0.0003650467716176135,0.35,0.8576958985908941,1.0
1,0.3,0.6,169.84992522418108,0.6,7.5e-05,0.0006,0.7853981633974483,0.30000000000000004,0.2,0,3,0.6666666666666666,1.0,0.1,0.002154434690031882,0.6666666666666666,3,21.544346900318832,0.16666666666666666,0.0003650467716176135,0.35,0.8576958985908941,1.0
2,0.3,0.6,169.84992522418108,0.6,7.5e-05,0.0006,0.7853981633974483,0.30000000000000004,0.2,0,3,0.6666666666666666,1.0,0.1,0.002154434690031882,0.6666666666666666,3,21.544346900318832,0.16666666666666666,0.0010951403148528405,0.35,0.8576958985908941,1.0
3,0.3,0.6,169.84992522418108,0.6,7.5e-05,0.0006,1.5707963267948966,0.30000000000000004,0.2,0,3,0.6666666666666666,1.0,0.1,0.002154434690031882,0.6666666666666666,3,21.544346900318832,0.16666666666666666,0.0010951403148528405,0.35,0.8576958985908941,1.0
4,0.3,0.6,169.84992522418108,0.6,7.5e-05,0.0006,1.5707963267948966,0.1,0.2,0,3,0.6666666666666666,1.0,0.1,0.002154434690031882,0.6666666666666666,3,21.544346900318832,0.16666666666666666,0.0010951403148528405,0.35,0.8576958985908941,1.0
5,0.3,0.39999999999999997,169.84992522418108,0.6,7.5e-05,0.0006,1.5707963267948966,0.1,0.2,0,3,0.6666666666666666,1.0,0.1,0.002154434690031882,0.6666666666666666,3,21.544346900318832,0.16666666666666666,0.0010951403148528405,0.35,0.8576958985908941,1.0
6,0.3,0.39999999999999997,169.84992522418108,0.6,7.5e-05,0.0006,1.5707963267948966,0.1,0.2,0,3,0.6666666666666666,21.544346900318832,0.1,0.002154434690031882,0.6666666666666666,3,21.544346900318832,0.16666666666666666,0.0010951403148528405,0.35,0.8576958985908941,1.0
7,0.3,0.39999999999999997,169.84992522418108,0.6,7.5e-05,0.0006,1.5707963267948966,0.1,0.7333333333333334,0,3,0.6666666666666666,21.544346900318832,0.1,0.002154434690031882,0.6666666666666666,3,21.544346900318832,0.16666666666666666,0.0010951403148528405,0.35,0.8576958985908941,1.0
8,0.3,0.39999999999999997,169.84992522418108,0.6,0.000125,0.0006,1.5707963267948966,0.1,0.7333333333333334,0,3,0.6666666666666666,21.544346900318832,0.1,0.002154434690031882,0.6666666666666666,3,21.544346900318832,0.16666666666666666,0.0010951403148528405,0.35,0.8576958985908941,1.0
9,0.5,0.39999999999999997,169.84992522418108,0.6,0.000125,0.0006,1.5707963267948966,0.1,0.7333333333333334,0,3,0.6666666666666666,21.544346900318832,0.1,0.002154434690031882,0.6666666666666666,3,21.544346900318832,0.16666666666666666,0.0010951403148528405,0.35,0.8576958985908941,1.0
10,0.5,0.39999999999999997,169.84992522418108,0.6,0.000125,0.0006,1.5707963267948966,0.1,0.7333333333333334,0,3,0.6666666666666666,21.544346900318832,0.1,0.002154434690031882,0.6666666666666666,1,21.544346900318832,0.16666666666666666,0.0010951403148528405,0.35,0.8576958985908941,1.0
11,0.5,0.39999999999999997,169.84992522418108,0.6,0.000125,0.0006,1.5707963267948966,0.1,0.7333333333333334,0,3,0.0,21.544346900318832,0.1,0.002154434690031882,0.6666666666666666,1,21.544346900318832,0.16666666666666666,0.0010951403148528405,0.35,0.8576958985908941,1.0
12,0.5,0.39999999999999997,169.84992522418108,0.6,0.000125,0.001,1.5707963267948966,0.1,0.7333333333333334,0,3,0.0,21.544346900318832,0.1,0.002154434690031882,0.6666666666666666,1,21.544346900318832,0.16666666666666666,0.0010951403148528405,0.35,0.8576958985908941,1.0
13,0.5,0.39999999999999997,1000.0,0.6,0.000125,0.001,1.5707963267948966,0.1,0.7333333333333334,0,3,0.0,21.544346900318832,0.1,0.002154434690031882,0.6666666666666666,1,21.544346900318832,0.16666666666666666,0.0010951403148528405,0.35,0.8576958985908941,1.0
14,0.5,0.39999999999999997,1000.0,0.6,0.000125,0.001,1.5707963267948966,0.1,0.7333333333333334,0,3,0.0,21.544346900318832,0.001,0.002154434690031882,0.6666666666666666,1,21.544346900318832,0.16666666666666666,0.0010951403148528405,0.35,0.8576958985908941,1.0
15,0.5,0.39999999999999997,1000.0,0.6,0.000125,0.001,1.5707963267948966,0.1,0.7333333333333334,0,3,0.0,21.544346900318832,0.001,0.002154434690031882,0.0,1,21.544346900318832,0.16666666666666666,0.0010951403148528405,0.35,0.8576958985908941,1.0
16,0.5,0.39999999999999997,1000.0,0.6,0.000125,0.001,1.5707963267948966,0.1,0.7333333333333334,0,3,0.0,21.544346900318832,0.001,0.002154434690031882,0.0,1,21.544346900318832,0.16666666666666666,0.0010951403148528405,0.35,0.8576958985908941,0.5
17,0.5,0.39999999999999997,1000.0,0.33333333333333337,0.000125,0.001,1.5707963267948966,0.1,0.7333333333333334,0,3,0.0,21.544346900318832,0.001,0.002154434690031882,0.0,1,21.544346900318832,0.16666666666666666,0.0010951403148528405,0.35,0.8576958985908941,0.5
18,0.5,0.39999999999999997,1000.0,0.33333333333333337,0.000125,0.001,1.5707963267948966,0.1,0.7333333333333334,0,1,0.0,21.544346900318832,0.001,0.002154434690031882,0.0,1,21.544346900318832,0.16666666666666666,0.0010951403148528405,0.35,0.8576958985908941,0.5
19,0.5,0.39999999999999997,1000.0,0.33333333333333337,0.000125,0.001,1.5707963267948966,0.1,0.7333333333333334,0,1,0.0,21.544346900318832,0.001,0.002154434690031882,0.0,1,1.0,0.16666666666666666,0.0010951403148528405,0.35,0.8576958985908941,0.5
20,0.5,0.39999999999999997,1000.0,0.33333333333333337,0.000125,0.001,1.5707963267948966,0.1,0.7333333333333334,0,1,0.0,21.544346900318832,0.001,0.0001,0.0,1,1.0,0.16666666666666666,0.0010951403148528405,0.35,0.8576958985908941,0.5
21,0.5,0.39999999999999997,1000.0,0.33333333333333337,0.000125,0.001,1.5707963267948966,0.1,0.7333333333333334,0,1,0.0,21.544346900318832,0.001,0.0001,0.0,1,1.0,0.5,0.0010951403148528405,0.35,0.8576958985908941,0.5
22,0.5,0.39999999999999997,1000.0,0.33333333333333337,0.000125,0.001,1.5707963267948966,0.1,0.7333333333333334,0,1,0.0,21.544346900318832,0.001,0.0001,0.0,1,1.0,0.5,0.0010951403148528405,0.18333333333333335,0.8576958985908941,0.5
23,0.5,0.39999999999999997,1000.0,0.33333333333333337,0.000125,0.001,1.5707963267948966,0.1,0.7333333333333334,0,1,0.0,21.544346900318832,0.001,0.0001,0.0,1,1.0,0.5,0.0010951403148528405,0.18333333333333335,10.0,0.5
24,0.5,0.6,1000.0,0.6,9.999999999999999e-05,0.0012,0.39269908169872414,0.4,1.0,1,3,0.3333333333333333,1.0,1.0,0.002154434690031882,0.3333333333333333,1,1.0,0.3333333333333333,0.0010951403148528405,0.1,0.251188643150958,0.75
25,0.5,0.6,169.84992522418108,0.6,9.999999999999999e-05,0.0012,0.39269908169872414,0.4,1.0,1,3,0.3333333333333333,1.0,1.0,0.002154434690031882,0.3333333333333333,1,1.0,0.3333333333333333,0.0010951403148528405,0.1,0.251188643150958,0.75
26,0.5,0.6,169.84992522418108,0.6,9.999999999999999e-05,0.0012,0.39269908169872414,0.4,1.0,1,3,0.3333333333333333,1.0,1.0,0.002154434690031882,1.0,1,1.0,0.3333333333333333,0.0010951403148528405,0.1,0.251188643150958,0.75
27,0.5,0.6,169.84992522418108,0.6,9.999999999999999e-05,0.0012,0.39269908169872414,0.2,1.0,1,3,0.3333333333333333,1.0,1.0,0.002154434690031882,1.0,1,1.0,0.3333333333333333,0.0010951403148528405,0.1,0.251188643150958,0.75
28,0.5,0.6,169.84992522418108,0.6,0.00015,0.0012,0.39269908169872414,0.2,1.0,1,3,0.3333333333333333,1.0,1.0,0.002154434690031882,1.0,1,1.0,0.3333333333333333,0.0010951403148528405,0.1,0.251188643150958,0.75
29,0.5,0.6,169.84992522418108,0.6,0.00015,0.0012,0.39269908169872414,0.2,1.0,3,3,0.3333333333333333,1.0,1.0,0.002154434690031882,1.0,1,1.0,0.3333333333333333,0.0010951403148528405,0.1,0.251188643150958,0.75
30,0.5,0.6,169.84992522418108,0.6,0.00015,0.0012,0.39269908169872414,0.2,1.0,3,3,0.3333333333333333,1.0,1.0,0.002154434690031882,1.0,1,1.0,0.3333333333333333,0.0010951403148528405,0.26666666666666666,0.251188643150958,0.75
31,0.5,0.6,169.84992522418108,0.6,0.00015,0.0012,0.39269908169872414,0.2,1.0,3,3,0.3333333333333333,1.0,1.0,0.002154434690031882,1.0,1,21.544346900318832,0.3333333333333333,0.0010951403148528405,0.26666666666666666,0.251188643150958,0.75
32,0.5,0.6,169.84992522418108,0.6,0.00015,0.0012,0.39269908169872414,0.2,1.0,3,3,1.0,1.0,1.0,0.002154434690031882,1.0,1,21.544346900318832,0.3333333333333333,0.0010951403148528405,0.26666666666666666,0.251188643150958,0.75
33,0.3,0.6,169.84992522418108,0.6,0.00015,0.0012,0.39269908169872414,0.2,1.0,3,3,1.0,1.0,1.0,0.002154434690031882,1.0,1,21.544346900318832,0.3333333333333333,0.0010951403148528405,0.26666666666666666,0.251188643150958,0.75
34,0.3,0.6,169.84992522418108,0.6,0.00015,0.0012,0.39269908169872414,0.2,0.4666666666666667,3,3,1.0,1.0,1.0,0.002154434690031882,1.0,1,21.544346900318832,0.3333333333333333,0.0010951403148528405,0.26666666666666666,0.251188643150958,0.75
35,0.3,0.6,169.84992522418108,0.6,0.00015,0.0012,0.39269908169872414,0.2,0.4666666666666667,3,3,1.0,1.0,0.01,0.002154434690031882,1.0,1,21.544346900318832,0.3333333333333333,0.0010951403148528405,0.26666666666666666,0.251188643150958,0.75
36,0.3,0.6,169.84992522418108,0.6,0.00015,0.0012,1.1780972450961724,0.2,0.4666666666666667,3,3,1.0,1.0,0.01,0.002154434690031882,1.0,1,21.544346900318832,0.3333333333333333,0.0010951403148528405,0.26666666666666666,0.251188643150958,0.75
37,0.3,0.6,169.84992522418108,0.6,0.00015,0.0012,1.1780972450961724,0.2,0.4666666666666667,3,3,1.0,1.0,0.01,0.002154434690031882,1.0,3,21.544346900318832,0.3333333333333333,0.0010951403148528405,0.26666666666666666,0.251188643150958,0.75
38,0.3,0.6,169.84992522418108,0.6,0.00015,0.0012,1.1780972450961724,0.2,0.4666666666666667,3,3,1.0,1.0,0.01,0.002154434690031882,1.0,3,21.544346900318832,0.3333333333333333,0.0010951403148528405,0.26666666666666666,0.251188643150958,0.25
39,0.3,0.6,169.84992522418108,0.6,0.00015,0.0007999999999999999,1.1780972450961724,0.2,0.4666666666666667,3,3,1.0,1.0,0.01,0.002154434690031882,1.0,3,21.544346900318832,0.3333333333333333,0.0010951403148528405,0.26666666666666666,0.251188643150958,0.25
40,0.3,0.6,169.84992522418108,0.6,0.00015,0.0007999999999999999,1.1780972450961724,0.2,0.4666666666666667,3,3,1.0,1.0,0.01,0.002154434690031882,1.0,3,21.544346900318832,0.3333333333333333,0.0010951403148528405,0.26666666666666666,2.9286445646252366,0.25
41,0.3,0.6,169.84992522418108,0.6,0.00015,0.0007999999999999999,1.1780972450961724,0.2,0.4666666666666667,3,3,1.0,1.0,0.01,0.002154434690031882,1.0,3,21.544346900318832,0.3333333333333333,0.0003650467716176135,0.26666666666666666,2.9286445646252366,0.25
42,0.3,0.39999999999999997,169.84992522418108,0.6,0.00015,0.0007999999999999999,1.1780972450961724,0.2,0.4666666666666667,3,3,1.0,1.0,0.01,0.002154434690031882,1.0,3,21.544346900318832,0.3333333333333333,0.0003650467716176135,0.26666666666666666,2.9286445646252366,0.25
43,0.3,0.39999999999999997,169.84992522418108,0.6,0.00015,0.0007999999999999999,1.1780972450961724,0.2,0.4666666666666667,3,3,1.0,1.0,0.01,0.002154434690031882,1.0,3,21.544346900318832,0.0,0.0003650467716176135,0.26666666666666666,2.9286445646252366,0.25
44,0.3,0.39999999999999997,169.84992522418108,0.6,0.00015,0.0007999999999999999,1.1780972450961724,0.2,0.4666666666666667,3,1,1.0,1.0,0.01,0.002154434690031882,1.0,3,21.544346900318832,0.0,0.0003650467716176135,0.26666666666666666,2.9286445646252366,0.25
45,0.3,0.39999999999999997,169.84992522418108,0.6,0.00015,0.0007999999999999999,1.1780972450961724,0.2,0.4666666666666667,3,1,1.0,21.544346900318832,0.01,0.002154434690031882,1.0,3,21.544346900318832,0.0,0.0003650467716176135,0.26666666666666666,2.9286445646252366,0.25
46,0.3,0.39999999999999997,169.84992522418108,0.6,0.00015,0.0007999999999999999,1.1780972450961724,0.2,0.4666666666666667,3,1,1.0,21.544346900318832,0.01,0.0001,1.0,3,21.544346900318832,0.0,0.0003650467716176135,0.26666666666666666,2.9286445646252366,0.25
47,0.3,0.39999999999999997,169.84992522418108,0.33333333333333337,0.00015,0.0007999999999999999,1.1780972450961724,0.2,0.4666666666666667,3,1,1.0,21.544346900318832,0.01,0.0001,1.0,3,21.544346900318832,0.0,0.0003650467716176135,0.26666666666666666,2.9286445646252366,0.25
48,0.6,0.39999999999999997,70.00000000000001,0.4666666666666667,0.00015,0.001,1.5707963267948966,0.1,1.0,1,1,1.0,21.544346900318832,0.001,0.01,0.6666666666666666,4,1.0,0.0,0.0010951403148528405,0.18333333333333335,0.8576958985908941,0.25
49,0.6,0.39999999999999997,70.00000000000001,0.4666666666666667,0.00015,0.001,1.5707963267948966,0.1,1.0,1,3,1.0,21.544346900318832,0.001,0.01,0.6666666666666666,4,1.0,0.0,0.0010951403148528405,0.18333333333333335,0.8576958985908941,0.25
50,0.6,0.39999999999999997,70.00000000000001,0.4666666666666667,0.00015,0.001,1.5707963267948966,0.30000000000000004,1.0,1,3,1.0,21.544346900318832,0.001,0.01,0.6666666666666666,4,1.0,0.0,0.0010951403148528405,0.18333333333333335,0.8576958985908941,0.25
51,0.39999999999999997,0.39999999999999997,70.00000000000001,0.4666666666666667,0.00015,0.001,1.5707963267948966,0.30000000000000004,1.0,1,3,1.0,21.544346900318832,0.001,0.01,0.6666666666666666,4,1.0,0.0,0.0010951403148528405,0.18333333333333335,0.8576958985908941,0.25
52,0.39999999999999997,0.39999999999999997,70.00000000000001,0.4666666666666667,0.00015,0.0006,1.5707963267948966,0.30000000000000004,1.0,1,3,1.0,21.544346900318832,0.001,0.01,0.6666666666666666,4,1.0,0.0,0.0010951403148528405,0.18333333333333335,0.8576958985908941,0.25
53,0.39999999999999997,0.39999999999999997,70.00000000000001,0.4666666666666667,0.00015,0.0006,1.5707963267948966,0.30000000000000004,1.0,1,3,1.0,21.544346900318832,0.001,0.01,0.6666666666666666,4,1.0,0.0,0.0010951403148528405,0.18333333333333335,10.0,0.25
54,0.39999999999999997,0.39999999999999997,412.1285299808557,0.4666666666666667,0.00015,0.0006,1.5707963267948966,0.30000000000000004,1.0,1,3,1.0,21.544346900318832,0.001,0.01,0.6666666666666666,4,1.0,0.0,0.0010951403148528405,0.18333333333333335,10.0,0.25
55,0.39999999999999997,0.39999999999999997,412.1285299808557,0.4666666666666667,0.00015,0.0006,1.5707963267948966,0.30000000000000004,1.0,1,3,1.0,21.544346900318832,0.001,0.01,0.6666666666666666,4,21.544346900318832,0.0,0.0010951403148528405,0.18333333333333335,10.0,0.25
56,0.39999999999999997,0.39999999999999997,412.1285299808557,0.2,0.00015,0.0006,1.5707963267948966,0.30000000000000004,1.0,1,3,1.0,21.544346900318832,0.001,0.01,0.6666666666666666,4,21.544346900318832,0.0,0.0010951403148528405,0.18333333333333335,10.0,0.25
57,0.39999999999999997,0.39999999999999997,412.1285299808557,0.2,0.00015,0.0006,1.5707963267948966,0.30000000000000004,0.4666666666666667,1,3,1.0,21.544346900318832,0.001,0.01,0.6666666666666666,4,21.544346900318832,0.0,0.0010951403148528405,0.18333333333333335,10.0,0.25
58,0.39999999999999997,0.39999999999999997,412.1285299808557,0.2,0.00015,0.0006,0.7853981633974483,0.30000000000000004,0.4666666666666667,1,3,1.0,21.544346900318832,0.001,0.01,0.6666666666666666,4,21.544346900318832,0.0,0.0010951403148528405,0.18333333333333335,10.0,0.25
59,0.39999999999999997,0.39999999999999997,412.1285299808557,0.2,0.00015,0.0006,0.7853981633974483,0.30000000000000004,0.4666666666666667,1,3,1.0,21.544346900318832,0.001,0.01,0.6666666666666666,4,21.544346900318832,0.0,0.0010951403148528405,0.35,10.0,0.25
60,0.39999999999999997,0.39999999999999997,412.1285299808557,0.2,0.00015,0.0006,0.7853981633974483,0.30000000000000004,0.4666666666666667,1,3,1.0,21.544346900318832,0.001,0.01,0.6666666666666666,4,21.544346900318832,0.3333333333333333,0.0010951403148528405,0.35,10.0,0.25
61,0.39999999999999997,0.39999999999999997,412.1285299808557,0.2,0.00015,0.0006,0.7853981633974483,0.30000000000000004,0.4666666666666667,1,3,1.0,21.544346900318832,0.001,0.01,0.6666666666666666,2,21.544346900318832,0.3333333333333333,0.0010951403148528405,0.35,10.0,0.25
62,0.39999999999999997,0.39999999999999997,412.1285299808557,0.2,0.00015,0.0006,0.7853981633974483,0.30000000000000004,0.4666666666666667,1,3,1.0,21.544346900318832,0.001,0.01,0.0,2,21.544346900318832,0.3333333333333333,0.0010951403148528405,0.35,10.0,0.25
63,0.39999999999999997,0.6,412.1285299808557,0.2,0.00015,0.0006,0.7853981633974483,0.30000000000000004,0.4666666666666667,1,3,1.0,21.544346900318832,0.001,0.01,0.0,2,21.544346900318832,0.3333333333333333,0.0010951403148528405,0.35,10.0,0.25
64,0.39999999999999997,0.6,412.1285299808557,0.2,9.999999999999999e-05,0.0006,0.7853981633974483,0.30000000000000004,0.4666666666666667,1,3,1.0,21.544346900318832,0.001,0.01,0.0,2,21.544346900318832,0.3333333333333333,0.0010951403148528405,0.35,10.0,0.25
65,0.39999999999999997,0.6,412.1285299808557,0.2,9.999999999999999e-05,0.0006,0.7853981633974483,0.30000000000000004,0.4666666666666667,1,3,1.0,21.544346900318832,0.001,0.01,0.0,2,21.544346900318832,0.3333333333333333,0.0010951403148528405,0.35,10.0,0.75
66,0.39999999999999997,0.6,412.1285299808557,0.2,9.999999999999999e-05,0.0006,0.7853981633974483,0.30000000000000004,0.4666666666666667,1,3,1.0,21.544346900318832,0.1,0.01,0.0,2,21.544346900318832,0.3333333333333333,0.0010951403148528405,0.35,10.0,0.75
67,0.39999999999999997,0.6,412.1285299808557,0.2,9.999999999999999e-05,0.0006,0.7853981633974483,0.30000000000000004,0.4666666666666667,1,3,0.3333333333333333,21.544346900318832,0.1,0.01,0.0,2,21.544346900318832,0.3333333333333333,0.0010951403148528405,0.35,10.0,0.75
68,0.39999999999999997,0.6,412.1285299808557,0.2,9.999999999999999e-05,0.0006,0.7853981633974483,0.30000000000000004,0.4666666666666667,3,3,0.3333333333333333,21.544346900318832,0.1,0.01,0.0,2,21.544346900318832,0.3333333333333333,0.0010951403148528405,0.35,10.0,0.75
69,0.39999999999999997,0.6,412.1285299808557,0.2,9.999999999999999e-05,0.0006,0.7853981633974483,0.30000000000000004,0.4666666666666667,3,3,0.3333333333333333,21.544346900318832,0.1,0.00046415888336127773,0.0,2,21.544346900318832,0.3333333333333333,0.0010951403148528405,0.35,10.0,0.75
70,0.39999999999999997,0.6,412.1285299808557,0.2,9.999999999999999e-05,0.0006,0.7853981633974483,0.30000000000000004,0.4666666666666667,3,3,0.3333333333333333,1.0,0.1,0.00046415888336127773,0.0,2,21.544346900318832,0.3333333333333333,0.0010951403148528405,0.35,10.0,0.75
71,0.39999999999999997,0.6,412.1285299808557,0.2,9.999999999999999e-05,0.0006,0.7853981633974483,0.30000000000000004,0.4666666666666667,3,3,0.3333333333333333,1.0,0.1,0.00046415888336127773,0.0,2,21.544346900318832,0.3333333333333333,0.0003650467716176135,0.35,10.0,0.75
72,0.3,0.6,169.84992522418108,0.2,0.000125,0.001,1.1780972450961724,0.1,0.7333333333333334,3,1,0.0,4.641588833612778,0.1,0.0001,0.0,3,4.641588833612778,0.16666666666666666,0.0,0.1,2.9286445646252366,0.75
73,0.3,0.6,169.84992522418108,0.2,0.000125,0.0006,1.1780972450961724,0.1,0.7333333333333334,3,1,0.0,4.641588833612778,0.1,0.0001,0.0,3,4.641588833612778,0.16666666666666666,0.0,0.1,2.9286445646252366,0.75
74,0.3,0.6,169.84992522418108,0.2,0.000125,0.0006,1.1780972450961724,0.1,0.7333333333333334,3,1,0.0,4.641588833612778,0.1,0.0001,0.0,3,4.641588833612778,0.16666666666666666,0.0,0.1,0.251188643150958,0.75
75,0.3,0.6,169.84992522418108,0.2,7.5e-05,0.0006,1.1780972450961724,0.1,0.7333333333333334,3,1,0.0,4.641588833612778,0.1,0.0001,0.0,3,4.641588833612778,0.16666666666666666,0.0,0.1,0.251188643150958,0.75
76,0.3,0.6,169.84992522418108,0.4666666666666667,7.5e-05,0.0006,1.1780972450961724,0.1,0.7333333333333334,3,1,0.0,4.641588833612778,0.1,0.0001,0.0,3,4.641588833612778,0.16666666666666666,0.0,0.1,0.251188643150958,0.75
77,0.3,0.6,169.84992522418108,0.4666666666666667,7.5e-05,0.0006,1.1780972450961724,0.1,0.7333333333333334,3,1,0.0,100.0,0.1,0.0001,0.0,3,4.641588833612778,0.16666666666666666,0.0,0.1,0.251188643150958,0.75
78,0.5,0.6,169.84992522418108,0.4666666666666667,7.5e-05,0.0006,1.1780972450961724,0.1,0.7333333333333334,3,1,0.0,100.0,0.1,0.0001,0.0,3,4.641588833612778,0.16666666666666666,0.0,0.1,0.251188643150958,0.75
79,0.5,0.6,169.84992522418108,0.4666666666666667,7.5e-05,0.0006,1.1780972450961724,0.1,0.7333333333333334,3,3,0.0,100.0,0.1,0.0001,0.0,3,4.641588833612778,0.16666666666666666,0.0,0.1,0.251188643150958,0.75
80,0.5,0.6,169.84992522418108,0.4666666666666667,7.5e-05,0.0006,1.1780972450961724,0.1,0.7333333333333334,3,3,0.0,100.0,0.1,0.0001,0.0,3,4.641588833612778,0.16666666666666666,0.0,0.1,0.251188643150958,0.25
81,0.5,0.6,169.84992522418108,0.4666666666666667,7.5e-05,0.0006,1.1780972450961724,0.1,0.7333333333333334,3,3,0.6666666666666666,100.0,0.1,0.0001,0.0,3,4.641588833612778,0.16666666666666666,0.0,0.1,0.251188643150958,0.25
82,0.5,0.6,169.84992522418108,0.4666666666666667,7.5e-05,0.0006,1.1780972450961724,0.1,0.7333333333333334,3,3,0.6666666666666666,100.0,0.1,0.0001,0.0,3,4.641588833612778,0.5,0.0,0.1,0.251188643150958,0.25
83,0.5,0.6,1000.0,0.4666666666666667,7.5e-05,0.0006,1.1780972450961724,0.1,0.7333333333333334,3,3,0.6666666666666666,100.0,0.1,0.0001,0.0,3,4.641588833612778,0.5,0.0,0.1,0.251188643150958,0.25
84,0.5,0.6,1000.0,0.4666666666666667,7.5e-05,0.0006,1.1780972450961724,0.1,0.7333333333333334,3,3,0.6666666666666666,100.0,0.1,0.0001,0.0,3,4.641588833612778,0.5,0.000730093543235227,0.1,0.251188643150958,0.25
85,0.5,0.6,1000.0,0.4666666666666667,7.5e-05,0.0006,1.1780972450961724,0.1,0.7333333333333334,3,3,0.6666666666666666,100.0,0.001,0.0001,0.0,3,4.641588833612778,0.5,0.000730093543235227,0.1,0.251188643150958,0.25
86,0.5,0.6,1000.0,0.4666666666666667,7.5e-05,0.0006,1.1780972450961724,0.1,0.7333333333333334,1,3,0.6666666666666666,100.0,0.001,0.0001,0.0,3,4.641588833612778,0.5,0.000730093543235227,0.1,0.251188643150958,0.25
87,0.5,0.6,1000.0,0.4666666666666667,7.5e-05,0.0006,1.1780972450961724,0.1,0.2,1,3,0.6666666666666666,100.0,0.001,0.0001,0.0,3,4.641588833612778,0.5,0.000730093543235227,0.1,0.251188643150958,0.25
88,0.5,0.6,1000.0,0.4666666666666667,7.5e-05,0.0006,1.1780972450961724,0.1,0.2,1,3,0.6666666666666666,100.0,0.001,0.0001,0.0,3,4.641588833612778,0.5,0.000730093543235227,0.26666666666666666,0.251188643150958,0.25
89,0.5,0.6,1000.0,0.4666666666666667,7.5e-05,0.0006,1.1780972450961724,0.1,0.2,1,3,0.6666666666666666,100.0,0.001,0.0001,0.6666666666666666,3,4.641588833612778,0.5,0.000730093543235227,0.26666666666666666,0.251188643150958,0.25
90,0.5,0.6,1000.0,0.4666666666666667,7.5e-05,0.0006,1.1780972450961724,0.30000000000000004,0.2,1,3,0.6666666666666666,100.0,0.001,0.0001,0.6666666666666666,3,4.641588833612778,0.5,0.000730093543235227,0.26666666666666666,0.251188643150958,0.25
91,0.5,0.6,1000.0,0.4666666666666667,7.5e-05,0.0006,0.39269908169872414,0.30000000000000004,0.2,1,3,0.6666666666666666,100.0,0.001,0.0001,0.6666666666666666,3,4.641588833612778,0.5,0.000730093543235227,0.26666666666666666,0.251188643150958,0.25
92,0.5,0.6,1000.0,0.4666666666666667,7.5e-05,0.0006,0.39269908169872414,0.30000000000000004,0.2,1,3,0.6666666666666666,100.0,0.001,0.0001,0.6666666666666666,1,4.641588833612778,0.5,0.000730093543235227,0.26666666666666666,0.251188643150958,0.25
93,0.5,0.6,1000.0,0.4666666666666667,7.5e-05,0.0006,0.39269908169872414,0.30000000000000004,0.2,1,3,0.6666666666666666,100.0,0.001,0.002154434690031882,0.6666666666666666,1,4.641588833612778,0.5,0.000730093543235227,0.26666666666666666,0.251188643150958,0.25
94,0.5,0.6,1000.0,0.4666666666666667,7.5e-05,0.0006,0.39269908169872414,0.30000000000000004,0.2,1,3,0.6666666666666666,100.0,0.001,0.002154434690031882,0.6666666666666666,1,100.0,0.5,0.000730093543235227,0.26666666666666666,0.251188643150958,0.25
95,0.5,0.39999999999999997,1000.0,0.4666666666666667,7.5e-05,0.0006,0.39269908169872414,0.30000000000000004,0.2,1,3,0.6666666666666666,100.0,0.001,0.002154434690031882,0.6666666666666666,1,100.0,0.5,0.000730093543235227,0.26666666666666666,0.251188643150958,0.25
96,0.39999999999999997,0.3,70.00000000000001,0.33333333333333337,7.5e-05,0.0007999999999999999,1.5707963267948966,0.30000000000000004,0.2,3,4,0.3333333333333333,21.544346900318832,0.001,0.01,1.0,2,100.0,0.0,0.0010951403148528405,0.26666666666666666,0.8576958985908941,1.0
97,0.39999999999999997,0.3,70.00000000000001,0.33333333333333337,7.5e-05,0.0012,1.5707963267948966,0.30000000000000004,0.2,3,4,0.3333333333333333,21.544346900318832,0.001,0.01,1.0,2,100.0,0.0,0.0010951403148528405,0.26666666666666666,0.8576958985908941,1.0
98,0.39999999999999997,0.3,70.00000000000001,0.33333333333333337,7.5e-05,0.0012,1.5707963267948966,0.30000000000000004,0.2,3,4,0.3333333333333333,21.544346900318832,0.001,0.01,1.0,2,100.0,0.0,0.0003650467716176135,0.26666666666666666,0.8576958985908941,1.0
99,0.39999999999999997,0.3,70.00000000000001,0.33333333333333337,7.5e-05,0.0012,1.5707963267948966,0.30000000000000004,0.2,3,4,0.3333333333333333,21.544346900318832,0.001,0.00046415888336127773,1.0,2,100.0,0.0,0.0003650467716176135,0.26666666666666666,0.8576958985908941,1.0
100,0.39999999999999997,0.3,70.00000000000001,0.33333333333333337,7.5e-05,0.0012,1.5707963267948966,0.30000000000000004,0.2,3,4,0.3333333333333333,1.0,0.001,0.00046415888336127773,1.0,2,100.0,0.0,0.0003650467716176135,0.26666666666666666,0.8576958985908941,1.0
101,0.39999999999999997,0.3,70.00000000000001,0.33333333333333337,7.5e-05,0.0012,1.5707963267948966,0.30000000000000004,0.2,3,4,0.3333333333333333,1.0,0.001,0.00046415888336127773,1.0,2,100.0,0.0,0.0003650467716176135,0.26666666666666666,10.0,1.0
102,0.39999999999999997,0.5,70.00000000000001,0.33333333333333337,7.5e-05,0.0012,1.5707963267948966,0.30000000000000004,0.2,3,4,0.3333333333333333,1.0,0.001,0.00046415888336127773,1.0,2,100.0,0.0,0.0003650467716176135,0.26666666666666666,10.0,1.0
103,0.39999999999999997,0.5,70.00000000000001,0.33333333333333337,7.5e-05,0.0012,0.7853981633974483,0.30000000000000004,0.2,3,4,0.3333333333333333,1.0,0.001,0.00046415888336127773,1.0,2,100.0,0.0,0.0003650467716176135,0.26666666666666666,10.0,1.0
104,0.39999999999999997,0.5,70.00000000000001,0.33333333333333337,7.5e-05,0.0012,0.7853981633974483,0.1,0.2,3,4,0.3333333333333333,1.0,0.001,0.00046415888336127773,1.0,2,100.0,0.0,0.0003650467716176135,0.26666666666666666,10.0,1.0
105,0.39999999999999997,0.5,70.00000000000001,0.33333333333333337,0.000125,0.0012,0.7853981633974483,0.1,0.2,3,4,0.3333333333333333,1.0,0.001,0.00046415888336127773,1.0,2,100.0,0.0,0.0003650467716176135,0.26666666666666666,10.0,1.0
106,0.39999999999999997,0.5,70.00000000000001,0.33333333333333337,0.000125,0.0012,0.7853981633974483,0.1,0.2,3,4,0.3333333333333333,1.0,0.001,0.00046415888336127773,1.0,4,100.0,0.0,0.0003650467716176135,0.26666666666666666,10.0,1.0
107,0.39999999999999997,0.5,70.00000000000001,0.33333333333333337,0.000125,0.0012,0.7853981633974483,0.1,0.2,3,2,0.3333333333333333,1.0,0.001,0.00046415888336127773,1.0,4,100.0,0.0,0.0003650467716176135,0.26666666666666666,10.0,1.0
108,0.39999999999999997,0.5,70.00000000000001,0.6,0.000125,0.0012,0.7853981633974483,0.1,0.2,3,2,0.3333333333333333,1.0,0.001,0.00046415888336127773,1.0,4,100.0,0.0,0.0003650467716176135,0.26666666666666666,10.0,1.0
109,0.39999999999999997,0.5,70.00000000000001,0.6,0.000125,0.0012,0.7853981633974483,0.1,0.2,3,2,0.3333333333333333,1.0,0.001,0.00046415888336127773,1.0,4,100.0,0.3333333333333333,0.0003650467716176135,0.26666666666666666,10.0,1.0
110,0.39999999999999997,0.5,70.00000000000001,0.6,0.000125,0.0012,0.7853981633974483,0.1,0.2,3,2,0.3333333333333333,1.0,0.001,0.00046415888336127773,1.0,4,100.0,0.3333333333333333,0.0003650467716176135,0.1,10.0,1.0
111,0.39999999999999997,0.5,70.00000000000001,0.6,0.000125,0.0012,0.7853981633974483,0.1,0.2,3,2,0.3333333333333333,1.0,0.001,0.00046415888336127773,1.0,4,100.0,0.3333333333333333,0.0003650467716176135,0.1,10.0,0.5
112,0.6,0.5,70.00000000000001,0.6,0.000125,0.0012,0.7853981633974483,0.1,0.2,3,2,0.3333333333333333,1.0,0.001,0.00046415888336127773,1.0,4,100.0,0.3333333333333333,0.0003650467716176135,0.1,10.0,0.5
113,0.6,0.5,70.00000000000001,0.6,0.000125,0.0012,0.7853981633974483,0.1,0.2,3,2,0.3333333333333333,1.0,0.001,0.00046415888336127773,1.0,4,4.641588833612778,0.3333333333333333,0.0003650467716176135,0.1,10.0,0.5
114,0.6,0.5,70.00000000000001,0.6,0.000125,0.0012,0.7853981633974483,0.1,0.2,3,2,1.0,1.0,0.001,0.00046415888336127773,1.0,4,4.641588833612778,0.3333333333333333,0.0003650467716176135,0.1,10.0,0.5
115,0.6,0.5,70.00000000000001,0.6,0.000125,0.0012,0.7853981633974483,0.1,0.2,3,2,1.0,1.0,0.001,0.00046415888336127773,0.3333333333333333,4,4.641588833612778,0.3333333333333333,0.0003650467716176135,0.1,10.0,0.5
116,0.6,0.5,412.1285299808557,0.6,0.000125,0.0012,0.7853981633974483,0.1,0.2,3,2,1.0,1.0,0.001,0.00046415888336127773,0.3333333333333333,4,4.641588833612778,0.3333333333333333,0.0003650467716176135,0.1,10.0,0.5
117,0.6,0.5,412.1285299808557,0.6,0.000125,0.0012,0.7853981633974483,0.1,0.2,1,2,1.0,1.0,0.001,0.00046415888336127773,0.3333333333333333,4,4.641588833612778,0.3333333333333333,0.0003650467716176135,0.1,10.0,0.5
118,0.6,0.5,412.1285299808557,0.6,0.000125,0.0012,0.7853981633974483,0.1,0.2,1,2,1.0,1.0,0.1,0.00046415888336127773,0.3333333333333333,4,4.641588833612778,0.3333333333333333,0.0003650467716176135,0.1,10.0,0.5
119,0.6,0.5,412.1285299808557,0.6,0.000125,0.0012,0.7853981633974483,0.1,0.7333333333333334,1,2,1.0,1.0,0.1,0.00046415888336127773,0.3333333333333333,4,4.641588833612778,0.3333333333333333,0.0003650467716176135,0.1,10.0,0.5
120,0.6,0.5,412.1285299808557,0.4666666666666667,0.00015,0.0007999999999999999,1.5707963267948966,0.2,0.7333333333333334,3,1,0.6666666666666666,100.0,0.01,0.00046415888336127773,0.3333333333333333,2,1.0,0.16666666666666666,0.000730093543235227,0.35,2.9286445646252366,0.75
121,0.6,0.5,412.1285299808557,0.4666666666666667,0.00015,0.0007999999999999999,1.5707963267948966,0.2,0.7333333333333334,3,1,0.6666666666666666,100.0,0.01,0.01,0.3333333333333333,2,1.0,0.16666666666666666,0.000730093543235227,0.35,2.9286445646252366,0.75
122,0.6,0.5,412.1285299808557,0.2,0.00015,0.0007999999999999999,1.5707963267948966,0.2,0.7333333333333334,3,1,0.6666666666666666,100.0,0.01,0.01,0.3333333333333333,2,1.0,0.16666666666666666,0.000730093543235227,0.35,2.9286445646252366,0.75
123,0.6,0.3,412.1285299808557,0.2,0.00015,0.0007999999999999999,1.5707963267948966,0.2,0.7333333333333334,3,1,0.6666666666666666,100.0,0.01,0.01,0.3333333333333333,2,1.0,0.16666666666666666,0.000730093543235227,0.35,2.9286445646252366,0.75
124,0.6,0.3,412.1285299808557,0.2,0.00015,0.0007999999999999999,1.5707963267948966,0.2,0.7333333333333334,3,1,0.6666666666666666,4.641588833612778,0.01,0.01,0.3333333333333333,2,1.0,0.16666666666666666,0.000730093543235227,0.35,2.9286445646252366,0.75
125,0.6,0.3,412.1285299808557,0.2,0.00015,0.0007999999999999999,1.5707963267948966,0.2,0.7333333333333334,3,1,0.6666666666666666,4.641588833612778,0.01,0.01,0.3333333333333333,4,1.0,0.16666666666666666,0.000730093543235227,0.35,2.9286445646252366,0.75
126,0.6,0.3,412.1285299808557,0.2,0.00015,0.0007999999999999999,1.5707963267948966,0.2,0.7333333333333334,3,1,0.6666666666666666,4.641588833612778,1.0,0.01,0.3333333333333333,4,1.0,0.16666666666666666,0.000730093543235227,0.35,2.9286445646252366,0.75
127,0.6,0.3,412.1285299808557,0.2,0.00015,0.0007999999999999999,1.5707963267948966,0.2,0.7333333333333334,3,1,0.6666666666666666,4.641588833612778,1.0,0.01,0.3333333333333333,4,1.0,0.5,0.000730093543235227,0.35,2.9286445646252366,0.75
128,0.6,0.3,412.1285299808557,0.2,0.00015,0.0007999999999999999,1.5707963267948966,0.2,0.7333333333333334,3,1,0.6666666666666666,4.641588833612778,1.0,0.01,0.3333333333333333,4,1.0,0.5,0.000730093543235227,0.35,2.9286445646252366,0.25
129,0.6,0.3,70.00000000000001,0.2,0.00015,0.0007999999999999999,1.5707963267948966,0.2,0.7333333333333334,3,1,0.6666666666666666,4.641588833612778,1.0,0.01,0.3333333333333333,4,1.0,0.5,0.000730093543235227,0.35,2.9286445646252366,0.25
130,0.6,0.3,70.00000000000001,0.2,0.00015,0.0007999999999999999,1.5707963267948966,0.2,0.7333333333333334,3,1,0.6666666666666666,4.641588833612778,1.0,0.01,0.3333333333333333,4,1.0,0.5,0.0,0.35,2.9286445646252366,0.25
131,0.6,0.3,70.00000000000001,0.2,0.00015,0.0007999999999999999,1.5707963267948966,0.2,0.7333333333333334,1,1,0.6666666666666666,4.641588833612778,1.0,0.01,0.3333333333333333,4,1.0,0.5,0.0,0.35,2.9286445646252366,0.25
132,0.6,0.3,70.00000000000001,0.2,0.00015,0.0007999999999999999,1.5707963267948966,0.4,0.7333333333333334,1,1,0.6666666666666666,4.641588833612778,1.0,0.01,0.3333333333333333,4,1.0,0.5,0.0,0.35,2.9286445646252366,0.25
133,0.6,0.3,70.00000000000001,0.2,0.00015,0.0007999999999999999,0.7853981633974483,0.4,0.7333333333333334,1,1,0.6666666666666666,4.641588833612778,1.0,0.01,0.3333333333333333,4,1.0,0.5,0.0,0.35,2.9286445646252366,0.25
134,0.39999999999999997,0.3,70.00000000000001,0.2,0.00015,0.0007999999999999999,0.7853981633974483,0.4,0.7333333333333334,1,1,0.6666666666666666,4.641588833612778,1.0,0.01,0.3333333333333333,4,1.0,0.5,0.0,0.35,2.9286445646252366,0.25
135,0.39999999999999997,0.3,70.00000000000001,0.2,0.00015,0.0007999999999999999,0.7853981633974483,0.4,0.2,1,1,0.6666666666666666,4.641588833612778,1.0,0.01,0.3333333333333333,4,1.0,0.5,0.0,0.35,2.9286445646252366,0.25
136,0.39999999999999997,0.3,70.00000000000001,0.2,0.00015,0.0007999999999999999,0.7853981633974483,0.4,0.2,1,1,0.6666666666666666,4.641588833612778,1.0,0.01,0.3333333333333333,4,21.544346900318832,0.5,0.0,0.35,2.9286445646252366,0.25
137,0.39999999999999997,0.3,70.00000000000001,0.2,0.00015,0.0007999999999999999,0.7853981633974483,0.4,0.2,1,1,0.6666666666666666,4.641588833612778,1.0,0.01,0.3333333333333333,4,21.544346900318832,0.5,0.0,0.35,0.251188643150958,0.25
138,0.39999999999999997,0.3,70.00000000000001,0.2,0.00015,0.0007999999999999999,0.7853981633974483,0.4,0.2,1,3,0.6666666666666666,4.641588833612778,1.0,0.01,0.3333333333333333,4,21.544346900318832,0.5,0.0,0.35,0.251188643150958,0.25
139,0.39999999999999997,0.3,70.00000000000001,0.2,0.00015,0.0007999999999999999,0.7853981633974483,0.4,0.2,1,3,0.0,4.641588833612778,1.0,0.01,0.3333333333333333,4,21.544346900318832,0.5,0.0,0.35,0.251188643150958,0.25
140,0.39999999999999997,0.3,70.00000000000001,0.2,9.999999999999999e-05,0.0007999999999999999,0.7853981633974483,0.4,0.2,1,3,0.0,4.641588833612778,1.0,0.01,0.3333333333333333,4,21.544346900318832,0.5,0.0,0.35,0.251188643150958,0.25
141,0.39999999999999997,0.3,70.00000000000001,0.2,9.999999999999999e-05,0.0007999999999999999,0.7853981633974483,0.4,0.2,1,3,0.0,4.641588833612778,1.0,0.01,1.0,4,21.544346900318832,0.5,0.0,0.35,0.251188643150958,0.25
142,0.39999999999999997,0.3,70.00000000000001,0.2,9.999999999999999e-05,0.0012,0.7853981633974483,0.4,0.2,1,3,0.0,4.641588833612778,1.0,0.01,1.0,4,21.544346900318832,0.5,0.0,0.35,0.251188643150958,0.25
143,0.39999999999999997,0.3,70.00000000000001,0.2,9.999999999999999e-05,0.0012,0.7853981633974483,0.4,0.2,1,3,0.0,4.641588833612778,1.0,0.01,1.0,4,21.544346900318832,0.5,0.0,0.18333333333333335,0.251188643150958,0.25
144,0.6,0.5,169.84992522418108,0.33333333333333337,9.999999999999999e-05,0.0012,0.7853981633974483,0.4,1.0,0,3,0.0,4.641588833612778,1.0,0.002154434690031882,0.0,3,100.0,0.0,0.0003650467716176135,0.18333333333333335,10.0,0.5
145,0.6,0.5,169.84992522418108,0.33333333333333337,9.999999999999999e-05,0.0012,0.7853981633974483,0.4,1.0,0,3,0.0,4.641588833612778,1.0,0.0001,0.0,3,100.0,0.0,0.0003650467716176135,0.18333333333333335,10.0,0.5
146,0.6,0.5,169.84992522418108,0.33333333333333337,9.999999999999999e-05,0.0012,0.7853981633974483,0.4,1.0,0,3,0.0,4.641588833612778,1.0,0.0001,0.0,3,100.0,0.0,0.0010951403148528405,0.18333333333333335,10.0,0.5
147,0.6,0.5,169.84992522418108,0.33333333333333337,9.999999999999999e-05,0.0012,0.7853981633974483,0.4,1.0,0,3,0.0,100.0,1.0,0.0001,0.0,3,100.0,0.0,0.0010951403148528405,0.18333333333333335,10.0,0.5
148,0.6,0.5,169.84992522418108,0.33333333333333337,9.999999999999999e-05,0.0012,0.7853981633974483,0.4,1.0,0,3,0.6666666666666666,100.0,1.0,0.0001,0.0,3,100.0,0.0,0.0010951403148528405,0.18333333333333335,10.0,0.5
149,0.6,0.5,169.84992522418108,0.33333333333333337,9.999999999999999e-05,0.0012,1.5707963267948966,0.4,1.0,0,3,0.6666666666666666,100.0,1.0,0.0001,0.0,3,100.0,0.0,0.0010951403148528405,0.18333333333333335,10.0,0.5
150,0.6,0.5,169.84992522418108,0.33333333333333337,9.999999999999999e-05,0.0012,1.5707963267948966,0.4,1.0,0,3,0.6666666666666666,100.0,1.0,0.0001,0.0,1,100.0,0.0,0.0010951403148528405,0.18333333333333335,10.0,0.5
151,0.6,0.3,169.84992522418108,0.33333333333333337,9.999999999999999e-05,0.0012,1.5707963267948966,0.4,1.0,0,3,0.6666666666666666,100.0,1.0,0.0001,0.0,1,100.0,0.0,0.0010951403148528405,0.18333333333333335,10.0,0.5
152,0.6,0.3,169.84992522418108,0.33333333333333337,9.999999999999999e-05,0.0012,1.5707963267948966,0.4,1.0,0,3,0.6666666666666666,100.0,1.0,0.0001,0.0,1,100.0,0.3333333333333333,0.0010951403148528405,0.18333333333333335,10.0,0.5
153,0.6,0.3,169.84992522418108,0.33333333333333337,9.999999999999999e-05,0.0012,1.5707963267948966,0.4,1.0,0,3,0.6666666666666666,100.0,1.0,0.0001,0.0,1,100.0,0.3333333333333333,0.0010951403148528405,0.35,10.0,0.5
154,0.6,0.3,1000.0,0.33333333333333337,9.999999999999999e-05,0.0012,1.5707963267948966,0.4,1.0,0,3,0.6666666666666666,100.0,1.0,0.0001,0.0,1,100.0,0.3333333333333333,0.0010951403148528405,0.35,10.0,0.5
155,0.39999999999999997,0.3,1000.0,0.33333333333333337,9.999999999999999e-05,0.0012,1.5707963267948966,0.4,1.0,0,3,0.6666666666666666,100.0,1.0,0.0001,0.0,1,100.0,0.3333333333333333,0.0010951403148528405,0.35,10.0,0.5
156,0.39999999999999997,0.3,1000.0,0.6,9.999999999999999e-05,0.0012,1.5707963267948966,0.4,1.0,0,3,0.6666666666666666,100.0,1.0,0.0001,0.0,1,100.0,0.3333333333333333,0.0010951403148528405,0.35,10.0,0.5
157,0.39999999999999997,0.3,1000.0,0.6,9.999999999999999e-05,0.0012,1.5707963267948966,0.4,1.0,0,3,0.6666666666666666,100.0,1.0,0.0001,0.6666666666666666,1,100.0,0.3333333333333333,0.0010951403148528405,0.35,10.0,0.5
158,0.39999999999999997,0.3,1000.0,0.6,9.999999999999999e-05,0.0012,1.5707963267948966,0.4,1.0,0,3,0.6666666666666666,100.0,0.01,0.0001,0.6666666666666666,1,100.0,0.3333333333333333,0.0010951403148528405,0.35,10.0,0.5
159,0.39999999999999997,0.3,1000.0,0.6,9.999999999999999e-05,0.0012,1.5707963267948966,0.4,1.0,0,1,0.6666666666666666,100.0,0.01,0.0001,0.6666666666666666,1,100.0,0.3333333333333333,0.0010951403148528405,0.35,10.0,0.5
160,0.39999999999999997,0.3,1000.0,0.6,9.999999999999999e-05,0.0012,1.5707963267948966,0.4,1.0,0,1,0.6666666666666666,100.0,0.01,0.0001,0.6666666666666666,1,4.641588833612778,0.3333333333333333,0.0010951403148528405,0.35,10.0,0.5
161,0.39999999999999997,0.3,1000.0,0.6,9.999999999999999e-05,0.0012,1.5707963267948966,0.2,1.0,0,1,0.6666666666666666,100.0,0.01,0.0001,0.6666666666666666,1,4.641588833612778,0.3333333333333333,0.0010951403148528405,0.35,10.0,0.5
162,0.39999999999999997,0.3,1000.0,0.6,9.999999999999999e-05,0.0012,1.5707963267948966,0.2,1.0,2,1,0.6666666666666666,100.0,0.01,0.0001,0.6666666666666666,1,4.641588833612778,0.3333333333333333,0.0010951403148528405,0.35,10.0,0.5
163,0.39999999999999997,0.3,1000.0,0.6,9.999999999999999e-05,0.0012,1.5707963267948966,0.2,1.0,2,1,0.6666666666666666,100.0,0.01,0.0001,0.6666666666666666,1,4.641588833612778,0.3333333333333333,0.0010951403148528405,0.35,0.8576958985908941,0.5
164,0.39999999999999997,0.3,1000.0,0.6,0.00015,0.0012,1.5707963267948966,0.2,1.0,2,1,0.6666666666666666,100.0,0.01,0.0001,0.6666666666666666,1,4.641588833612778,0.3333333333333333,0.0010951403148528405,0.35,0.8576958985908941,0.5
165,0.39999999999999997,0.3,1000.0,0.6,0.00015,0.0012,1.5707963267948966,0.2,1.0,2,1,0.6666666666666666,100.0,0.01,0.0001,0.6666666666666666,1,4.641588833612778,0.3333333333333333,0.0010951403148528405,0.35,0.8576958985908941,1.0
166,0.39999999999999997,0.3,1000.0,0.6,0.00015,0.0007999999999999999,1.5707963267948966,0.2,1.0,2,1,0.6666666666666666,100.0,0.01,0.0001,0.6666666666666666,1,4.641588833612778,0.3333333333333333,0.0010951403148528405,0.35,0.8576958985908941,1.0
167,0.39999999999999997,0.3,1000.0,0.6,0.00015,0.0007999999999999999,1.5707963267948966,0.2,0.4666666666666667,2,1,0.6666666666666666,100.0,0.01,0.0001,0.6666666666666666,1,4.641588833612778,0.3333333333333333,0.0010951403148528405,0.35,0.8576958985908941,1.0
168,0.5,0.3,70.00000000000001,0.33333333333333337,9.999999999999999e-05,0.0007999999999999999,1.1780972450961724,0.2,0.4666666666666667,1,4,0.0,1.0,0.001,0.0001,1.0,4,21.544346900318832,0.5,0.0,0.26666666666666666,10.0,0.25
169,0.5,0.3,70.00000000000001,0.33333333333333337,9.999999999999999e-05,0.0012,1.1780972450961724,0.2,0.4666666666666667,1,4,0.0,1.0,0.001,0.0001,1.0,4,21.544346900318832,0.5,0.0,0.26666666666666666,10.0,0.25
170,0.5,0.3,70.00000000000001,0.33333333333333337,9.999999999999999e-05,0.0012,1.1780972450961724,0.2,0.4666666666666667,1,4,0.0,1.0,0.001,0.0001,1.0,2,21.544346900318832,0.5,0.0,0.26666666666666666,10.0,0.25
171,0.5,0.3,70.00000000000001,0.33333333333333337,9.999999999999999e-05,0.0012,1.1780972450961724,0.2,0.4666666666666667,1,4,0.0,1.0,0.001,0.0001,1.0,2,21.544346900318832,0.5,0.0,0.1,10.0,0.25
172,0.5,0.3,70.00000000000001,0.33333333333333337,9.999999999999999e-05,0.0012,1.1780972450961724,0.2,0.4666666666666667,1,4,0.0,1.0,0.001,0.0001,1.0,2,21.544346900318832,0.16666666666666666,0.0,0.1,10.0,0.25
173,0.5,0.3,70.00000000000001,0.33333333333333337,0.00015,0.0012,1.1780972450961724,0.2,0.4666666666666667,1,4,0.0,1.0,0.001,0.0001,1.0,2,21.544346900318832,0.16666666666666666,0.0,0.1,10.0,0.25
174,0.5,0.3,70.00000000000001,0.33333333333333337,0.00015,0.0012,1.1780972450961724,0.2,1.0,1,4,0.0,1.0,0.001,0.0001,1.0,2,21.544346900318832,0.16666666666666666,0.0,0.1,10.0,0.25
175,0.5,0.3,70.00000000000001,0.33333333333333337,0.00015,0.0012,1.1780972450961724,0.4,1.0,1,4,0.0,1.0,0.001,0.0001,1.0,2,21.544346900318832,0.16666666666666666,0.0,0.1,10.0,0.25
176,0.5,0.3,70.00000000000001,0.6,0.00015,0.0012,1.1780972450961724,0.4,1.0,1,4,0.0,1.0,0.001,0.0001,1.0,2,21.544346900318832,0.16666666666666666,0.0,0.1,10.0,0.25
177,0.5,0.3,70.00000000000001,0.6,0.00015,0.0012,1.1780972450961724,0.4,1.0,1,4,0.0,21.544346900318832,0.001,0.0001,1.0,2,21.544346900318832,0.16666666666666666,0.0,0.1,10.0,0.25
178,0.3,0.3,70.00000000000001,0.6,0.00015,0.0012,1.1780972450961724,0.4,1.0,1,4,0.0,21.544346900318832,0.001,0.0001,1.0,2,21.544346900318832,0.16666666666666666,0.0,0.1,10.0,0.25
179,0.3,0.3,70.00000000000001,0.6,0.00015,0.0012,1.1780972450961724,0.4,1.0,1,4,0.0,21.544346900318832,0.1,0.0001,1.0,2,21.544346900318832,0.16666666666666666,0.0,0.1,10.0,0.25
180,0.3,0.3,70.00000000000001,0.6,0.00015,0.0012,1.1780972450961724,0.4,1.0,1,4,0.6666666666666666,21.544346900318832,0.1,0.0001,1.0,2,21.544346900318832,0.16666666666666666,0.0,0.1,10.0,0.25
181,0.3,0.3,70.00000000000001,0.6,0.00015,0.0012,1.1780972450961724,0.4,1.0,3,4,0.6666666666666666,21.544346900318832,0.1,0.0001,1.0,2,21.544346900318832,0.16666666666666666,0.0,0.1,10.0,0.25
182,0.3,0.3,70.00000000000001,0.6,0.00015,0.0012,1.1780972450961724,0.4,1.0,3,4,0.6666666666666666,21.544346900318832,0.1,0.0001,1.0,2,21.544346900318832,0.16666666666666666,0.0,0.1,0.8576958985908941,0.25
183,0.3,0.5,70.00000000000001,0.6,0.00015,0.0012,1.1780972450961724,0.4,1.0,3,4,0.6666666666666666,21.544346900318832,0.1,0.0001,1.0,2,21.544346900318832,0.16666666666666666,0.0,0.1,0.8576958985908941,0.25
184,0.3,0.5,70.00000000000001,0.6,0.00015,0.0012,1.1780972450961724,0.4,1.0,3,2,0.6666666666666666,21.544346900318832,0.1,0.0001,1.0,2,21.544346900318832,0.16666666666666666,0.0,0.1,0.8576958985908941,0.25
185,0.3,0.5,70.00000000000001,0.6,0.00015,0.0012,0.39269908169872414,0.4,1.0,3,2,0.6666666666666666,21.544346900318832,0.1,0.0001,1.0,2,21.544346900318832,0.16666666666666666,0.0,0.1,0.8576958985908941,0.25
186,0.3,0.5,70.00000000000001,0.6,0.00015,0.0012,0.39269908169872414,0.4,1.0,3,2,0.6666666666666666,21.544346900318832,0.1,0.0001,1.0,2,1.0,0.16666666666666666,0.0,0.1,0.8576958985908941,0.25
187,0.3,0.5,70.00000000000001,0.6,0.00015,0.0012,0.39269908169872414,0.4,1.0,3,2,0.6666666666666666,21.544346900318832,0.1,0.0001,0.3333333333333333,2,1.0,0.16666666666666666,0.0,0.1,0.8576958985908941,0.25
188,0.3,0.5,70.00000000000001,0.6,0.00015,0.0012,0.39269908169872414,0.4,1.0,3,2,0.6666666666666666,21.544346900318832,0.1,0.0001,0.3333333333333333,2,1.0,0.16666666666666666,0.000730093543235227,0.1,0.8576958985908941,0.25
189,0.3,0.5,70.00000000000001,0.6,0.00015,0.0012,0.39269908169872414,0.4,1.0,3,2,0.6666666666666666,21.544346900318832,0.1,0.0001,0.3333333333333333,2,1.0,0.16666666666666666,0.000730093543235227,0.1,0.8576958985908941,0.75
190,0.3,0.5,70.00000000000001,0.6,0.00015,0.0012,0.39269908169872414,0.4,1.0,3,2,0.6666666666666666,21.544346900318832,0.1,0.002154434690031882,0.3333333333333333,2,1.0,0.16666666666666666,0.000730093543235227,0.1,0.8576958985908941,0.75
191,0.3,0.5,412.1285299808557,0.6,0.00015,0.0012,0.39269908169872414,0.4,1.0,3,2,0.6666666666666666,21.544346900318832,0.1,0.002154434690031882,0.3333333333333333,2,1.0,0.16666666666666666,0.000730093543235227,0.1,0.8576958985908941,0.75
192,0.5,0.3,412.1285299808557,0.4666666666666667,0.00015,0.001,1.1780972450961724,0.2,0.2,0,2,1.0,4.641588833612778,1.0,0.0001,0.6666666666666666,1,100.0,0.5,0.000730093543235227,0.35,0.251188643150958,0.25
193,0.5,0.3,412.1285299808557,0.4666666666666667,0.00015,0.001,1.1780972450961724,0.2,0.2,0,2,1.0,4.641588833612778,1.0,0.0001,0.6666666666666666,1,100.0,0.5,0.0,0.35,0.251188643150958,0.25
194,0.3,0.3,412.1285299808557,0.4666666666666667,0.00015,0.001,1.1780972450961724,0.2,0.2,0,2,1.0,4.641588833612778,1.0,0.0001,0.6666666666666666,1,100.0,0.5,0.0,0.35,0.251188643150958,0.25
195,0.3,0.3,70.00000000000001,0.4666666666666667,0.00015,0.001,1.1780972450961724,0.2,0.2,0,2,1.0,4.641588833612778,1.0,0.0001,0.6666666666666666,1,100.0,0.5,0.0,0.35,0.251188643150958,0.25
196,0.3,0.3,70.00000000000001,0.4666666666666667,0.00015,0.0006,1.1780972450961724,0.2,0.2,0,2,1.0,4.641588833612778,1.0,0.0001,0.6666666666666666,1,100.0,0.5,0.0,0.35,0.251188643150958,0.25
197,0.3,0.3,70.00000000000001,0.4666666666666667,0.00015,0.0006,1.1780972450961724,0.2,0.2,2,2,1.0,4.641588833612778,1.0,0.0001,0.6666666666666666,1,100.0,0.5,0.0,0.35,0.251188643150958,0.25
198,0.3,0.3,70.00000000000001,0.4666666666666667,0.00015,0.0006,1.1780972450961724,0.2,0.2,2,4,1.0,4.641588833612778,1.0,0.0001,0.6666666666666666,1,100.0,0.5,0.0,0.35,0.251188643150958,0.25
199,0.3,0.3,70.00000000000001,0.4666666666666667,0.00015,0.0006,1.1780972450961724,0.2,0.2,2,4,0.3333333333333333,4.641588833612778,1.0,0.0001,0.6666666666666666,1,100.0,0.5,0.0,0.35,0.251188643150958,0.25
200,0.3,0.3,70.00000000000001,0.4666666666666667,0.00015,0.0006,1.1780972450961724,0.2,0.2,2,4,0.3333333333333333,4.641588833612778,1.0,0.0001,0.6666666666666666,1,100.0,0.5,0.0,0.35,2.9286445646252366,0.25
201,0.3,0.3,70.00000000000001,0.4666666666666667,0.00015,0.0006,1.1780972450961724,0.4,0.2,2,4,0.3333333333333333,4.641588833612778,1.0,0.0001,0.6666666666666666,1,100.0,0.5,0.0,0.35,2.9286445646252366,0.25
202,0.3,0.3,70.00000000000001,0.4666666666666667,0.00015,0.0006,1.1780972450961724,0.4,0.2,2,4,0.3333333333333333,4.641588833612778,1.0,0.0001,0.6666666666666666,1,100.0,0.5,0.0,0.35,2.9286445646252366,0.75
203,0.3,0.3,70.00000000000001,0.2,0.00015,0.0006,1.1780972450961724,0.4,0.2,2,4,0.3333333333333333,4.641588833612778,1.0,0.0001,0.6666666666666666,1,100.0,0.5,0.0,0.35,2.9286445646252366,0.75
204,0.3,0.3,70.00000000000001,0.2,9.999999999999999e-05,0.0006,1.1780972450961724,0.4,0.2,2,4,0.3333333333333333,4.641588833612778,1.0,0.0001,0.6666666666666666,1,100.0,0.5,0.0,0.35,2.9286445646252366,0.75
205,0.3,0.3,70.00000000000001,0.2,9.999999999999999e-05,0.0006,1.1780972450961724,0.4,0.2,2,4,0.3333333333333333,4.641588833612778,1.0,0.0001,0.6666666666666666,1,100.0,0.16666666666666666,0.0,0.35,2.9286445646252366,0.75
206,0.3,0.3,70.00000000000001,0.2,9.999999999999999e-05,0.0006,0.39269908169872414,0.4,0.2,2,4,0.3333333333333333,4.641588833612778,1.0,0.0001,0.6666666666666666,1,100.0,0.16666666666666666,0.0,0.35,2.9286445646252366,0.75
207,0.3,0.3,70.00000000000001,0.2,9.999999999999999e-05,0.0006,0.39269908169872414,0.4,0.2,2,4,0.3333333333333333,4.641588833612778,0.01,0.0001,0.6666666666666666,1,100.0,0.16666666666666666,0.0,0.35,2.9286445646252366,0.75
208,0.3,0.5,70.00000000000001,0.2,9.999999999999999e-05,0.0006,0.39269908169872414,0.4,0.2,2,4,0.3333333333333333,4.641588833612778,0.01,0.0001,0.6666666666666666,1,100.0,0.16666666666666666,0.0,0.35,2.9286445646252366,0.75
209,0.3,0.5,70.00000000000001,0.2,9.999999999999999e-05,0.0006,0.39269908169872414,0.4,0.2,2,4,0.3333333333333333,4.641588833612778,0.01,0.0001,0.6666666666666666,3,100.0,0.16666666666666666,0.0,0.35,2.9286445646252366,0.75
210,0.3,0.5,70.00000000000001,0.2,9.999999999999999e-05,0.0006,0.39269908169872414,0.4,0.7333333333333334,2,4,0.3333333333333333,4.641588833612778,0.01,0.0001,0.6666666666666666,3,100.0,0.16666666666666666,0.0,0.35,2.9286445646252366,0.75
211,0.3,0.5,70.00000000000001,0.2,9.999999999999999e-05,0.0006,0.39269908169872414,0.4,0.7333333333333334,2,4,0.3333333333333333,100.0,0.01,0.0001,0.6666666666666666,3,100.0,0.16666666666666666,0.0,0.35,2.9286445646252366,0.75
212,0.3,0.5,70.00000000000001,0.2,9.999999999999999e-05,0.0006,0.39269908169872414,0.4,0.7333333333333334,2,4,0.3333333333333333,100.0,0.01,0.002154434690031882,0.6666666666666666,3,100.0,0.16666666666666666,0.0,0.35,2.9286445646252366,0.75
213,0.3,0.5,70.00000000000001,0.2,9.999999999999999e-05,0.0006,0.39269908169872414,0.4,0.7333333333333334,2,4,0.3333333333333333,100.0,0.01,0.002154434690031882,0.6666666666666666,3,100.0,0.16666666666666666,0.0,0.18333333333333335,2.9286445646252366,0.75
214,0.3,0.5,70.00000000000001,0.2,9.999999999999999e-05,0.0006,0.39269908169872414,0.4,0.7333333333333334,2,4,0.3333333333333333,100.0,0.01,0.002154434690031882,0.6666666666666666,3,4.641588833612778,0.16666666666666666,0.0,0.18333333333333335,2.9286445646252366,0.75
215,0.3,0.5,70.00000000000001,0.2,9.999999999999999e-05,0.0006,0.39269908169872414,0.4,0.7333333333333334,2,4,0.3333333333333333,100.0,0.01,0.002154434690031882,0.0,3,4.641588833612778,0.16666666666666666,0.0,0.18333333333333335,2.9286445646252366,0.75
216,0.39999999999999997,0.39999999999999997,412.1285299808557,0.6,7.5e-05,0.0006,0.39269908169872414,0.1,0.4666666666666667,2,4,0.3333333333333333,21.544346900318832,0.1,0.00046415888336127773,0.0,2,21.544346900318832,0.3333333333333333,0.0003650467716176135,0.1,0.251188643150958,0.5
217,0.39999999999999997,0.39999999999999997,412.1285299808557,0.6,7.5e-05,0.0006,0.39269908169872414,0.1,1.0,2,4,0.3333333333333333,21.544346900318832,0.1,0.00046415888336127773,0.0,2,21.544346900318832,0.3333333333333333,0.0003650467716176135,0.1,0.251188643150958,0.5
218,0.39999999999999997,0.39999999999999997,412.1285299808557,0.6,7.5e-05,0.001,0.39269908169872414,0.1,1.0,2,4,0.3333333333333333,21.544346900318832,0.1,0.00046415888336127773,0.0,2,21.544346900318832,0.3333333333333333,0.0003650467716176135,0.1,0.251188643150958,0.5
219,0.39999999999999997,0.39999999999999997,412.1285299808557,0.6,7.5e-05,0.001,0.39269908169872414,0.1,1.0,2,4,0.3333333333333333,21.544346900318832,0.001,0.00046415888336127773,0.0,2,21.544346900318832,0.3333333333333333,0.0003650467716176135,0.1,0.251188643150958,0.5
220,0.39999999999999997,0.39999999999999997,412.1285299808557,0.6,7.5e-05,0.001,0.39269908169872414,0.1,1.0,2,4,1.0,21.544346900318832,0.001,0.00046415888336127773,0.0,2,21.544346900318832,0.3333333333333333,0.0003650467716176135,0.1,0.251188643150958,0.5
221,0.39999999999999997,0.39999999999999997,412.1285299808557,0.6,7.5e-05,0.001,0.39269908169872414,0.1,1.0,2,4,1.0,21.544346900318832,0.001,0.00046415888336127773,0.0,2,21.544346900318832,0.3333333333333333,0.0003650467716176135,0.1,2.9286445646252366,0.5
222,0.39999999999999997,0.39999999999999997,412.1285299808557,0.6,7.5e-05,0.001,0.39269908169872414,0.1,1.0,0,4,1.0,21.544346900318832,0.001,0.00046415888336127773,0.0,2,21.544346900318832,0.3333333333333333,0.0003650467716176135,0.1,2.9286445646252366,0.5
223,0.39999999999999997,0.39999999999999997,412.1285299808557,0.6,7.5e-05,0.001,0.39269908169872414,0.1,1.0,0,4,1.0,21.544346900318832,0.001,0.00046415888336127773,0.0,2,1.0,0.3333333333333333,0.0003650467716176135,0.1,2.9286445646252366,0.5
224,0.39999999999999997,0.39999999999999997,412.1285299808557,0.6,7.5e-05,0.001,0.39269908169872414,0.1,1.0,0,4,1.0,21.544346900318832,0.001,0.00046415888336127773,0.0,2,1.0,0.3333333333333333,0.0003650467716176135,0.1,2.9286445646252366,1.0
225,0.39999999999999997,0.39999999999999997,412.1285299808557,0.6,7.5e-05,0.001,0.39269908169872414,0.1,1.0,0,4,1.0,21.544346900318832,0.001,0.00046415888336127773,0.0,4,1.0,0.3333333333333333,0.0003650467716176135,0.1,2.9286445646252366,1.0
226,0.39999999999999997,0.39999999999999997,412.1285299808557,0.6,0.000125,0.001,0.39269908169872414,0.1,1.0,0,4,1.0,21.544346900318832,0.001,0.00046415888336127773,0.0,4,1.0,0.3333333333333333,0.0003650467716176135,0.1,2.9286445646252366,1.0
227,0.6,0.39999999999999997,412.1285299808557,0.6,0.000125,0.001,0.39269908169872414,0.1,1.0,0,4,1.0,21.544346900318832,0.001,0.00046415888336127773,0.0,4,1.0,0.3333333333333333,0.0003650467716176135,0.1,2.9286445646252366,1.0
228,0.6,0.39999999999999997,412.1285299808557,0.6,0.000125,0.001,0.39269908169872414,0.1,1.0,0,4,1.0,21.544346900318832,0.001,0.00046415888336127773,0.0,4,1.0,0.0,0.0003650467716176135,0.1,2.9286445646252366,1.0
229,0.6,0.39999999999999997,412.1285299808557,0.6,0.000125,0.001,0.39269908169872414,0.1,1.0,0,4,1.0,21.544346900318832,0.001,0.00046415888336127773,0.0,4,1.0,0.0,0.0003650467716176135,0.26666666666666666,2.9286445646252366,1.0
230,0.6,0.39999999999999997,412.1285299808557,0.6,0.000125,0.001,1.1780972450961724,0.1,1.0,0,4,1.0,21.544346900318832,0.001,0.00046415888336127773,0.0,4,1.0,0.0,0.0003650467716176135,0.26666666666666666,2.9286445646252366,1.0
231,0.6,0.39999999999999997,412.1285299808557,0.6,0.000125,0.001,1.1780972450961724,0.1,1.0,0,4,1.0,21.544346900318832,0.001,0.01,0.0,4,1.0,0.0,0.0003650467716176135,0.26666666666666666,2.9286445646252366,1.0
232,0.6,0.39999999999999997,70.00000000000001,0.6,0.000125,0.001,1.1780972450961724,0.1,1.0,0,4,1.0,21.544346900318832,0.001,0.01,0.0,4,1.0,0.0,0.0003650467716176135,0.26666666666666666,2.9286445646252366,1.0
233,0.6,0.39999999999999997,70.00000000000001,0.33333333333333337,0.000125,0.001,1.1780972450961724,0.1,1.0,0,4,1.0,21.544346900318832,0.001,0.01,0.0,4,1.0,0.0,0.0003650467716176135,0.26666666666666666,2.9286445646252366,1.0
234,0.6,0.39999999999999997,70.00000000000001,0.33333333333333337,0.000125,0.001,1.1780972450961724,0.1,1.0,0,4,1.0,21.544346900318832,0.001,0.01,0.0,4,1.0,0.0,0.0010951403148528405,0.26666666666666666,2.9286445646252366,1.0
235,0.6,0.39999999999999997,70.00000000000001,0.33333333333333337,0.000125,0.001,1.1780972450961724,0.1,1.0,0,4,1.0,1.0,0.001,0.01,0.0,4,1.0,0.0,0.0010951403148528405,0.26666666666666666,2.9286445646252366,1.0
236,0.6,0.39999999999999997,70.00000000000001,0.33333333333333337,0.000125,0.001,1.1780972450961724,0.30000000000000004,1.0,0,4,1.0,1.0,0.001,0.01,0.0,4,1.0,0.0,0.0010951403148528405,0.26666666666666666,2.9286445646252366,1.0
237,0.6,0.39999999999999997,70.00000000000001,0.33333333333333337,0.000125,0.001,1.1780972450961724,0.30000000000000004,1.0,0,2,1.0,1.0,0.001,0.01,0.0,4,1.0,0.0,0.0010951403148528405,0.26666666666666666,2.9286445646252366,1.0
238,0.6,0.6,70.00000000000001,0.33333333333333337,0.000125,0.001,1.1780972450961724,0.30000000000000004,1.0,0,2,1.0,1.0,0.001,0.01,0.0,4,1.0,0.0,0.0010951403148528405,0.26666666666666666,2.9286445646252366,1.0
239,0.6,0.6,70.00000000000001,0.33333333333333337,0.000125,0.001,1.1780972450961724,0.30000000000000004,1.0,0,2,1.0,1.0,0.001,0.01,0.6666666666666666,4,1.0,0.0,0.0010951403148528405,0.26666666666666666,2.9286445646252366,1.0
240,0.39999999999999997,0.39999999999999997,1000.0,0.2,0.000125,0.0012,0.39269908169872414,0.4,0.7333333333333334,2,2,1.0,100.0,0.01,0.01,0.3333333333333333,1,4.641588833612778,0.5,0.0,0.18333333333333335,10.0,0.5
241,0.39999999999999997,0.39999999999999997,1000.0,0.2,0.000125,0.0012,0.39269908169872414,0.4,0.7333333333333334,2,4,1.0,100.0,0.01,0.01,0.3333333333333333,1,4.641588833612778,0.5,0.0,0.18333333333333335,10.0,0.5
242,0.39999999999999997,0.39999999999999997,1000.0,0.2,0.000125,0.0012,0.39269908169872414,0.4,0.7333333333333334,2,4,0.3333333333333333,100.0,0.01,0.01,0.3333333333333333,1,4.641588833612778,0.5,0.0,0.18333333333333335,10.0,0.5
243,0.39999999999999997,0.6,1000.0,0.2,0.000125,0.0012,0.39269908169872414,0.4,0.7333333333333334,2,4,0.3333333333333333,100.0,0.01,0.01,0.3333333333333333,1,4.641588833612778,0.5,0.0,0.18333333333333335,10.0,0.5
244,0.39999999999999997,0.6,1000.0,0.2,0.000125,0.0012,1.1780972450961724,0.4,0.7333333333333334,2,4,0.3333333333333333,100.0,0.01,0.01,0.3333333333333333,1,4.641588833612778,0.5,0.0,0.18333333333333335,10.0,0.5
245,0.39999999999999997,0.6,1000.0,0.2,0.000125,0.0012,1.1780972450961724,0.2,0.7333333333333334,2,4,0.3333333333333333,100.0,0.01,0.01,0.3333333333333333,1,4.641588833612778,0.5,0.0,0.18333333333333335,10.0,0.5
246,0.39999999999999997,0.6,1000.0,0.2,0.000125,0.0012,1.1780972450961724,0.2,0.7333333333333334,2,4,0.3333333333333333,100.0,0.01,0.01,0.3333333333333333,3,4.641588833612778,0.5,0.0,0.18333333333333335,10.0,0.5
247,0.39999999999999997,0.6,1000.0,0.2,0.000125,0.0012,1.1780972450961724,0.2,0.7333333333333334,2,4,0.3333333333333333,100.0,0.01,0.01,0.3333333333333333,3,4.641588833612778,0.5,0.0,0.35,10.0,0.5
248,0.39999999999999997,0.6,1000.0,0.2,0.000125,0.0012,1.1780972450961724,0.2,0.7333333333333334,2,4,0.3333333333333333,100.0,0.01,0.01,0.3333333333333333,3,4.641588833612778,0.5,0.0,0.35,0.8576958985908941,0.5
249,0.39999999999999997,0.6,1000.0,0.2,0.000125,0.0012,1.1780972450961724,0.2,0.7333333333333334,2,4,0.3333333333333333,100.0,0.01,0.01,0.3333333333333333,3,100.0,0.5,0.0,0.35,0.8576958985908941,0.5
250,0.39999999999999997,0.6,1000.0,0.2,0.000125,0.0012,1.1780972450961724,0.2,0.7333333333333334,2,4,0.3333333333333333,100.0,1.0,0.01,0.3333333333333333,3,100.0,0.5,0.0,0.35,0.8576958985908941,0.5
251,0.39999999999999997,0.6,1000.0,0.2,0.000125,0.0012,1.1780972450961724,0.2,0.2,2,4,0.3333333333333333,100.0,1.0,0.01,0.3333333333333333,3,100.0,0.5,0.0,0.35,0.8576958985908941,0.5
252,0.39999999999999997,0.6,1000.0,0.2,0.000125,0.0012,1.1780972450961724,0.2,0.2,2,4,0.3333333333333333,100.0,1.0,0.00046415888336127773,0.3333333333333333,3,100.0,0.5,0.0,0.35,0.8576958985908941,0.5
253,0.39999999999999997,0.6,1000.0,0.2,0.000125,0.0012,1.1780972450961724,0.2,0.2,2,4,0.3333333333333333,4.641588833612778,1.0,0.00046415888336127773,0.3333333333333333,3,100.0,0.5,0.0,0.35,0.8576958985908941,0.5
254,0.39999999999999997,0.6,1000.0,0.2,0.000125,0.0007999999999999999,1.1780972450961724,0.2,0.2,2,4,0.3333333333333333,4.641588833612778,1.0,0.00046415888336127773,0.3333333333333333,3,100.0,0.5,0.0,0.35,0.8576958985908941,0.5
255,0.39999999999999997,0.6,1000.0,0.2,0.000125,0.0007999999999999999,1.1780972450961724,0.2,0.2,2,4,0.3333333333333333,4.641588833612778,1.0,0.00046415888336127773,1.0,3,100.0,0.5,0.0,0.35,0.8576958985908941,0.5
256,0.39999999999999997,0.6,169.84992522418108,0.2,0.000125,0.0007999999999999999,1.1780972450961724,0.2,0.2,2,4,0.3333333333333333,4.641588833612778,1.0,0.00046415888336127773,1.0,3,100.0,0.5,0.0,0.35,0.8576958985908941,0.5
257,0.39999999999999997,0.6,169.84992522418108,0.2,0.000125,0.0007999999999999999,1.1780972450961724,0.2,0.2,2,4,0.3333333333333333,4.641588833612778,1.0,0.00046415888336127773,1.0,3,100.0,0.5,0.000730093543235227,0.35,0.8576958985908941,0.5
258,0.39999999999999997,0.6,169.84992522418108,0.2,0.000125,0.0007999999999999999,1.1780972450961724,0.2,0.2,2,4,0.3333333333333333,4.641588833612778,1.0,0.00046415888336127773,1.0,3,100.0,0.16666666666666666,0.000730093543235227,0.35,0.8576958985908941,0.5
259,0.39999999999999997,0.6,169.84992522418108,0.2,7.5e-05,0.0007999999999999999,1.1780972450961724,0.2,0.2,2,4,0.3333333333333333,4.641588833612778,1.0,0.00046415888336127773,1.0,3,100.0,0.16666666666666666,0.000730093543235227,0.35,0.8576958985908941,0.5
260,0.39999999999999997,0.6,169.84992522418108,0.2,7.5e-05,0.0007999999999999999,1.1780972450961724,0.2,0.2,2,4,0.3333333333333333,4.641588833612778,1.0,0.00046415888336127773,1.0,3,100.0,0.16666666666666666,0.000730093543235227,0.35,0.8576958985908941,1.0
261,0.39999999999999997,0.6,169.84992522418108,0.4666666666666667,7.5e-05,0.0007999999999999999,1.1780972450961724,0.2,0.2,2,4,0.3333333333333333,4.641588833612778,1.0,0.00046415888336127773,1.0,3,100.0,0.16666666666666666,0.000730093543235227,0.35,0.8576958985908941,1.0
262,0.39999999999999997,0.6,169.84992522418108,0.4666666666666667,7.5e-05,0.0007999999999999999,1.1780972450961724,0.2,0.2,0,4,0.3333333333333333,4.641588833612778,1.0,0.00046415888336127773,1.0,3,100.0,0.16666666666666666,0.000730093543235227,0.35,0.8576958985908941,1.0
263,0.6,0.6,169.84992522418108,0.4666666666666667,7.5e-05,0.0007999999999999999,1.1780972450961724,0.2,0.2,0,4,0.3333333333333333,4.641588833612778,1.0,0.00046415888336127773,1.0,3,100.0,0.16666666666666666,0.000730093543235227,0.35,0.8576958985908941,1.0
264,0.3,0.5,1000.0,0.2,0.000125,0.0006,0.7853981633974483,0.30000000000000004,0.4666666666666667,0,2,0.6666666666666666,100.0,0.01,0.00046415888336127773,1.0,4,4.641588833612778,0.3333333333333333,0.000730093543235227,0.26666666666666666,2.9286445646252366,1.0
265,0.3,0.5,1000.0,0.2,0.000125,0.0006,0.7853981633974483,0.30000000000000004,0.4666666666666667,0,2,0.6666666666666666,100.0,0.01,0.00046415888336127773,1.0,4,4.641588833612778,0.3333333333333333,0.000730093543235227,0.26666666666666666,0.251188643150958,1.0
266,0.3,0.5,1000.0,0.2,0.000125,0.0006,0.7853981633974483,0.30000000000000004,0.4666666666666667,0,2,0.6666666666666666,100.0,0.01,0.00046415888336127773,1.0,4,4.641588833612778,0.3333333333333333,0.000730093543235227,0.1,0.251188643150958,1.0
267,0.3,0.5,1000.0,0.2,0.000125,0.001,0.7853981633974483,0.30000000000000004,0.4666666666666667,0,2,0.6666666666666666,100.0,0.01,0.00046415888336127773,1.0,4,4.641588833612778,0.3333333333333333,0.000730093543235227,0.1,0.251188643150958,1.0
268,0.3,0.5,1000.0,0.2,0.000125,0.001,0.7853981633974483,0.30000000000000004,0.4666666666666667,0,2,0.6666666666666666,100.0,0.01,0.00046415888336127773,1.0,4,4.641588833612778,0.3333333333333333,0.0,0.1,0.251188643150958,1.0
269,0.3,0.5,1000.0,0.2,0.000125,0.001,0.7853981633974483,0.30000000000000004,1.0,0,2,0.6666666666666666,100.0,0.01,0.00046415888336127773,1.0,4,4.641588833612778,0.3333333333333333,0.0,0.1,0.251188643150958,1.0
270,0.3,0.5,1000.0,0.2,0.000125,0.001,0.7853981633974483,0.30000000000000004,1.0,0,2,0.6666666666666666,100.0,0.01,0.00046415888336127773,1.0,4,4.641588833612778,0.0,0.0,0.1,0.251188643150958,1.0
271,0.3,0.5,1000.0,0.2,0.000125,0.001,1.5707963267948966,0.30000000000000004,1.0,0,2,0.6666666666666666,100.0,0.01,0.00046415888336127773,1.0,4,4.641588833612778,0.0,0.0,0.1,0.251188643150958,1.0
272,0.3,0.5,1000.0,0.2,0.000125,0.001,1.5707963267948966,0.1,1.0,0,2,0.6666666666666666,100.0,0.01,0.00046415888336127773,1.0,4,4.641588833612778,0.0,0.0,0.1,0.251188643150958,1.0
273,0.5,0.5,1000.0,0.2,0.000125,0.001,1.5707963267948966,0.1,1.0,0,2,0.6666666666666666,100.0,0.01,0.00046415888336127773,1.0,4,4.641588833612778,0.0,0.0,0.1,0.251188643150958,1.0
274,0.5,0.5,1000.0,0.4666666666666667,0.000125,0.001,1.5707963267948966,0.1,1.0,0,2,0.6666666666666666,100.0,0.01,0.00046415888336127773,1.0,4,4.641588833612778,0.0,0.0,0.1,0.251188643150958,1.0
275,0.5,0.5,1000.0,0.4666666666666667,0.000125,0.001,1.5707963267948966,0.1,1.0,0,2,0.0,100.0,0.01,0.00046415888336127773,1.0,4,4.641588833612778,0.0,0.0,0.1,0.251188643150958,1.0
276,0.5,0.5,1000.0,0.4666666666666667,7.5e-05,0.001,1.5707963267948966,0.1,1.0,0,2,0.0,100.0,0.01,0.00046415888336127773,1.0,4,4.641588833612778,0.0,0.0,0.1,0.251188643150958,1.0
277,0.5,0.5,1000.0,0.4666666666666667,7.5e-05,0.001,1.5707963267948966,0.1,1.0,0,2,0.0,100.0,1.0,0.00046415888336127773,1.0,4,4.641588833612778,0.0,0.0,0.1,0.251188643150958,1.0
278,0.5,0.5,1000.0,0.4666666666666667,7.5e-05,0.001,1.5707963267948966,0.1,1.0,0,4,0.0,100.0,1.0,0.00046415888336127773,1.0,4,4.641588833612778,0.0,0.0,0.1,0.251188643150958,1.0
279,0.5,0.5,1000.0,0.4666666666666667,7.5e-05,0.001,1.5707963267948966,0.1,1.0,0,4,0.0,100.0,1.0,0.00046415888336127773,1.0,4,4.641588833612778,0.0,0.0,0.1,0.251188643150958,0.5
280,0.5,0.5,1000.0,0.4666666666666667,7.5e-05,0.001,1.5707963267948966,0.1,1.0,0,4,0.0,100.0,1.0,0.00046415888336127773,1.0,2,4.641588833612778,0.0,0.0,0.1,0.251188643150958,0.5
281,0.5,0.3,1000.0,0.4666666666666667,7.5e-05,0.001,1.5707963267948966,0.1,1.0,0,4,0.0,100.0,1.0,0.00046415888336127773,1.0,2,4.641588833612778,0.0,0.0,0.1,0.251188643150958,0.5
282,0.5,0.3,1000.0,0.4666666666666667,7.5e-05,0.001,1.5707963267948966,0.1,1.0,0,4,0.0,100.0,1.0,0.01,1.0,2,4.641588833612778,0.0,0.0,0.1,0.251188643150958,0.5
283,0.5,0.3,1000.0,0.4666666666666667,7.5e-05,0.001,1.5707963267948966,0.1,1.0,0,4,0.0,4.641588833612778,1.0,0.01,1.0,2,4.641588833612778,0.0,0.0,0.1,0.251188643150958,0.5
284,0.5,0.3,1000.0,0.4666666666666667,7.5e-05,0.001,1.5707963267948966,0.1,1.0,0,4,0.0,4.641588833612778,1.0,0.01,0.3333333333333333,2,4.641588833612778,0.0,0.0,0.1,0.251188643150958,0.5
285,0.5,0.3,169.84992522418108,0.4666666666666667,7.5e-05,0.001,1.5707963267948966,0.1,1.0,0,4,0.0,4.641588833612778,1.0,0.01,0.3333333333333333,2,4.641588833612778,0.0,0.0,0.1,0.251188643150958,0.5
286,0.5,0.3,169.84992522418108,0.4666666666666667,7.5e-05,0.001,1.5707963267948966,0.1,1.0,0,4,0.0,4.641588833612778,1.0,0.01,0.3333333333333333,2,100.0,0.0,0.0,0.1,0.251188643150958,0.5
287,0.5,0.3,169.84992522418108,0.4666666666666667,7.5e-05,0.001,1.5707963267948966,0.1,1.0,2,4,0.0,4.641588833612778,1.0,0.01,0.3333333333333333,2,100.0,0.0,0.0,0.1,0.251188643150958,0.5
