,Delta,L,l_a,dx,dy,alpha,beta,gamma,phi_f,H_b,f_H,N_aqt,f_aqt,l_conf,N_pal,s_pal,l_tra,t_tra,N_chan,l_surf_end,Kaqf_type,Kaqt_type,n,index,riv_res,R,Kh_aqf,Kh_Kv,Kv_aqt
0,Kelantan,235025.1617716949,0.14902728502626728,1000,1000,0.00025,0.0002,0.03,0.8975334279607721,250,0.2,2,0.2,1.0,2,0.6,0.25,6000.0,1,0.0,min,min,0.25,11,2.5241948475583262,0.0002898275349237889,0.0008640000000000001,10.0,7.775000000000001e-06
1,Kelantan,235025.1617716949,0.14902728502626728,1000,1000,0.00025,0.0002,0.03,0.8975334279607721,250,0.2,2,0.2,1.0,2,0.6,0.25,6000.0,1,0.0,min,max,0.25,11,2.5241948475583262,0.0002898275349237889,0.0008640000000000001,10.0,0.15000000000000002
2,Kelantan,235025.1617716949,0.14902728502626728,1000,1000,0.00025,0.0002,0.03,0.8975334279607721,250,0.2,2,0.2,1.0,2,0.6,0.25,6000.0,1,0.0,min,mid_0,0.25,11,2.5241948475583262,0.0002898275349237889,0.0008640000000000001,10.0,0.0010799305533227594
3,Kelantan,235025.1617716949,0.14902728502626728,1000,1000,0.00025,0.0002,0.03,0.8975334279607721,250,0.2,2,0.2,1.0,2,0.6,0.25,6000.0,1,0.0,max,min,0.25,42,2.5241948475583262,0.0002898275349237889,8.64,10.0,7.775000000000001e-06
4,Kelantan,235025.1617716949,0.14902728502626728,1000,1000,0.00025,0.0002,0.03,0.8975334279607721,250,0.2,2,0.2,1.0,2,0.6,0.25,6000.0,1,0.0,max,max,0.25,42,2.5241948475583262,0.0002898275349237889,8.64,10.0,0.15000000000000002
5,Kelantan,235025.1617716949,0.14902728502626728,1000,1000,0.00025,0.0002,0.03,0.8975334279607721,250,0.2,2,0.2,1.0,2,0.6,0.25,6000.0,1,0.0,max,mid_0,0.25,42,2.5241948475583262,0.0002898275349237889,8.64,10.0,0.0010799305533227594
6,Kelantan,235025.1617716949,0.14902728502626728,1000,1000,0.00025,0.0002,0.03,0.8975334279607721,250,0.2,2,0.2,1.0,2,0.6,0.25,6000.0,1,0.0,mid_0,min,0.25,73,2.5241948475583262,0.0002898275349237889,0.08639999999999998,10.0,7.775000000000001e-06
7,Kelantan,235025.1617716949,0.14902728502626728,1000,1000,0.00025,0.0002,0.03,0.8975334279607721,250,0.2,2,0.2,1.0,2,0.6,0.25,6000.0,1,0.0,mid_0,max,0.25,73,2.5241948475583262,0.0002898275349237889,0.08639999999999998,10.0,0.15000000000000002
8,Kelantan,235025.1617716949,0.14902728502626728,1000,1000,0.00025,0.0002,0.03,0.8975334279607721,250,0.2,2,0.2,1.0,2,0.6,0.25,6000.0,1,0.0,mid_0,mid_0,0.25,73,2.5241948475583262,0.0002898275349237889,0.08639999999999998,10.0,0.0010799305533227594
9,Chao Praya,363809.53043492546,0.4502617901160949,1000,1000,2.9999999999999997e-05,0.000133,0.03,0.5715167727294042,600,0.5,7,0.5,1.0,2,0.6,0.7,6000.0,1,0.35714285700000004,min,min,0.25,2,51.26209742377916,9.779999999999992e-05,3.7,10.0,2.1e-07
10,Chao Praya,363809.53043492546,0.4502617901160949,1000,1000,2.9999999999999997e-05,0.000133,0.03,0.5715167727294042,600,0.5,7,0.5,1.0,2,0.6,0.7,6000.0,1,0.35714285700000004,min,max,0.25,2,51.26209742377916,9.779999999999992e-05,3.7,10.0,0.0005
11,Chao Praya,363809.53043492546,0.4502617901160949,1000,1000,2.9999999999999997e-05,0.000133,0.03,0.5715167727294042,600,0.5,7,0.5,1.0,2,0.6,0.7,6000.0,1,0.35714285700000004,min,mid_0,0.25,2,51.26209742377916,9.779999999999992e-05,3.7,10.0,1.02469507659596e-05
12,Chao Praya,363809.53043492546,0.4502617901160949,1000,1000,2.9999999999999997e-05,0.000133,0.03,0.5715167727294042,600,0.5,7,0.5,1.0,2,0.6,0.7,6000.0,1,0.35714285700000004,max,min,0.25,33,51.26209742377916,9.779999999999992e-05,120.0,10.0,2.1e-07
13,Chao Praya,363809.53043492546,0.4502617901160949,1000,1000,2.9999999999999997e-05,0.000133,0.03,0.5715167727294042,600,0.5,7,0.5,1.0,2,0.6,0.7,6000.0,1,0.35714285700000004,max,max,0.25,33,51.26209742377916,9.779999999999992e-05,120.0,10.0,0.0005
14,Chao Praya,363809.53043492546,0.4502617901160949,1000,1000,2.9999999999999997e-05,0.000133,0.03,0.5715167727294042,600,0.5,7,0.5,1.0,2,0.6,0.7,6000.0,1,0.35714285700000004,max,mid_0,0.25,33,51.26209742377916,9.779999999999992e-05,120.0,10.0,1.02469507659596e-05
15,Chao Praya,363809.53043492546,0.4502617901160949,1000,1000,2.9999999999999997e-05,0.000133,0.03,0.5715167727294042,600,0.5,7,0.5,1.0,2,0.6,0.7,6000.0,1,0.35714285700000004,mid_0,min,0.25,64,51.26209742377916,9.779999999999992e-05,21.071307505705473,10.0,2.1e-07
16,Chao Praya,363809.53043492546,0.4502617901160949,1000,1000,2.9999999999999997e-05,0.000133,0.03,0.5715167727294042,600,0.5,7,0.5,1.0,2,0.6,0.7,6000.0,1,0.35714285700000004,mid_0,max,0.25,64,51.26209742377916,9.779999999999992e-05,21.071307505705473,10.0,0.0005
17,Chao Praya,363809.53043492546,0.4502617901160949,1000,1000,2.9999999999999997e-05,0.000133,0.03,0.5715167727294042,600,0.5,7,0.5,1.0,2,0.6,0.7,6000.0,1,0.35714285700000004,mid_0,mid_0,0.25,64,51.26209742377916,9.779999999999992e-05,21.071307505705473,10.0,1.02469507659596e-05
18,Rhine-Meuse,331039.19047130947,0.3958419251954593,1000,1000,7.5e-05,0.000167,0.0164,0.8682856630884614,280,0.642857143,3,0.1,1.0,4,0.2,0.2,7500.0,2,0.26666666699999997,min,min,0.3,22,424.26406871192825,0.0004999999999999999,0.1,10.0,0.001
19,Rhine-Meuse,331039.19047130947,0.3958419251954593,1000,1000,7.5e-05,0.000167,0.0164,0.8682856630884614,280,0.642857143,3,0.1,1.0,4,0.2,0.2,7500.0,2,0.26666666699999997,min,max,0.3,22,424.26406871192825,0.0004999999999999999,0.1,10.0,0.1
20,Rhine-Meuse,331039.19047130947,0.3958419251954593,1000,1000,7.5e-05,0.000167,0.0164,0.8682856630884614,280,0.642857143,3,0.1,1.0,4,0.2,0.2,7500.0,2,0.26666666699999997,min,mid_0,0.3,22,424.26406871192825,0.0004999999999999999,0.1,10.0,0.01
21,Rhine-Meuse,331039.19047130947,0.3958419251954593,1000,1000,7.5e-05,0.000167,0.0164,0.8682856630884614,280,0.642857143,3,0.1,1.0,4,0.2,0.2,7500.0,2,0.26666666699999997,max,min,0.3,53,424.26406871192825,0.0004999999999999999,100.0,10.0,0.001
22,Rhine-Meuse,331039.19047130947,0.3958419251954593,1000,1000,7.5e-05,0.000167,0.0164,0.8682856630884614,280,0.642857143,3,0.1,1.0,4,0.2,0.2,7500.0,2,0.26666666699999997,max,max,0.3,53,424.26406871192825,0.0004999999999999999,100.0,10.0,0.1
23,Rhine-Meuse,331039.19047130947,0.3958419251954593,1000,1000,7.5e-05,0.000167,0.0164,0.8682856630884614,280,0.642857143,3,0.1,1.0,4,0.2,0.2,7500.0,2,0.26666666699999997,max,mid_0,0.3,53,424.26406871192825,0.0004999999999999999,100.0,10.0,0.01
24,Rhine-Meuse,331039.19047130947,0.3958419251954593,1000,1000,7.5e-05,0.000167,0.0164,0.8682856630884614,280,0.642857143,3,0.1,1.0,4,0.2,0.2,7500.0,2,0.26666666699999997,mid_0,min,0.3,84,424.26406871192825,0.0004999999999999999,3.1622776601683795,10.0,0.001
25,Rhine-Meuse,331039.19047130947,0.3958419251954593,1000,1000,7.5e-05,0.000167,0.0164,0.8682856630884614,280,0.642857143,3,0.1,1.0,4,0.2,0.2,7500.0,2,0.26666666699999997,mid_0,max,0.3,84,424.26406871192825,0.0004999999999999999,3.1622776601683795,10.0,0.1
26,Rhine-Meuse,331039.19047130947,0.3958419251954593,1000,1000,7.5e-05,0.000167,0.0164,0.8682856630884614,280,0.642857143,3,0.1,1.0,4,0.2,0.2,7500.0,2,0.26666666699999997,mid_0,mid_0,0.3,84,424.26406871192825,0.0004999999999999999,3.1622776601683795,10.0,0.01
27,Pearl,305788.20075879863,0.3459525269329893,1000,1000,2.8600000000000004e-05,0.001,0.022,0.4999443167554618,50,0.3,1,0.9,1.0,2,0.6,0.8,6800.0,5,0.33653846200000004,min,min,0.25,19,51.26209742377916,0.000274,1.0,10.0,8.64e-06
28,Pearl,305788.20075879863,0.3459525269329893,1000,1000,2.8600000000000004e-05,0.001,0.022,0.4999443167554618,50,0.3,1,0.9,1.0,2,0.6,0.8,6800.0,5,0.33653846200000004,min,max,0.25,19,51.26209742377916,0.000274,1.0,10.0,0.001
29,Pearl,305788.20075879863,0.3459525269329893,1000,1000,2.8600000000000004e-05,0.001,0.022,0.4999443167554618,50,0.3,1,0.9,1.0,2,0.6,0.8,6800.0,5,0.33653846200000004,min,mid_0,0.25,19,51.26209742377916,0.000274,1.0,10.0,9.295160030897809e-05
30,Pearl,305788.20075879863,0.3459525269329893,1000,1000,2.8600000000000004e-05,0.001,0.022,0.4999443167554618,50,0.3,1,0.9,1.0,2,0.6,0.8,6800.0,5,0.33653846200000004,max,min,0.25,50,51.26209742377916,0.000274,30.0,10.0,8.64e-06
31,Pearl,305788.20075879863,0.3459525269329893,1000,1000,2.8600000000000004e-05,0.001,0.022,0.4999443167554618,50,0.3,1,0.9,1.0,2,0.6,0.8,6800.0,5,0.33653846200000004,max,max,0.25,50,51.26209742377916,0.000274,30.0,10.0,0.001
32,Pearl,305788.20075879863,0.3459525269329893,1000,1000,2.8600000000000004e-05,0.001,0.022,0.4999443167554618,50,0.3,1,0.9,1.0,2,0.6,0.8,6800.0,5,0.33653846200000004,max,mid_0,0.25,50,51.26209742377916,0.000274,30.0,10.0,9.295160030897809e-05
33,Pearl,305788.20075879863,0.3459525269329893,1000,1000,2.8600000000000004e-05,0.001,0.022,0.4999443167554618,50,0.3,1,0.9,1.0,2,0.6,0.8,6800.0,5,0.33653846200000004,mid_0,min,0.25,81,51.26209742377916,0.000274,5.477225575051661,10.0,8.64e-06
34,Pearl,305788.20075879863,0.3459525269329893,1000,1000,2.8600000000000004e-05,0.001,0.022,0.4999443167554618,50,0.3,1,0.9,1.0,2,0.6,0.8,6800.0,5,0.33653846200000004,mid_0,max,0.25,81,51.26209742377916,0.000274,5.477225575051661,10.0,0.001
35,Pearl,305788.20075879863,0.3459525269329893,1000,1000,2.8600000000000004e-05,0.001,0.022,0.4999443167554618,50,0.3,1,0.9,1.0,2,0.6,0.8,6800.0,5,0.33653846200000004,mid_0,mid_0,0.25,81,51.26209742377916,0.000274,5.477225575051661,10.0,9.295160030897809e-05
36,Yangtze,414670.02347383596,0.5176887918626718,2000,2000,5.9999999999999995e-05,0.0003,0.005,0.7562720443428349,250,0.2,4,0.5,1.0,2,0.6,1.0,7000.0,1,0.125,min,min,0.25,29,51.26209742377916,0.0002898275349237889,4.0,10.0,1e-06
37,Yangtze,414670.02347383596,0.5176887918626718,2000,2000,5.9999999999999995e-05,0.0003,0.005,0.7562720443428349,250,0.2,4,0.5,1.0,2,0.6,1.0,7000.0,1,0.125,min,max,0.25,29,51.26209742377916,0.0002898275349237889,4.0,10.0,2e-05
38,Yangtze,414670.02347383596,0.5176887918626718,2000,2000,5.9999999999999995e-05,0.0003,0.005,0.7562720443428349,250,0.2,4,0.5,1.0,2,0.6,1.0,7000.0,1,0.125,min,mid_0,0.25,29,51.26209742377916,0.0002898275349237889,4.0,10.0,4.47213595499958e-06
39,Yangtze,414670.02347383596,0.5176887918626718,2000,2000,5.9999999999999995e-05,0.0003,0.005,0.7562720443428349,250,0.2,4,0.5,1.0,2,0.6,1.0,7000.0,1,0.125,max,min,0.25,60,51.26209742377916,0.0002898275349237889,15.0,10.0,1e-06
40,Yangtze,414670.02347383596,0.5176887918626718,2000,2000,5.9999999999999995e-05,0.0003,0.005,0.7562720443428349,250,0.2,4,0.5,1.0,2,0.6,1.0,7000.0,1,0.125,max,max,0.25,60,51.26209742377916,0.0002898275349237889,15.0,10.0,2e-05
41,Yangtze,414670.02347383596,0.5176887918626718,2000,2000,5.9999999999999995e-05,0.0003,0.005,0.7562720443428349,250,0.2,4,0.5,1.0,2,0.6,1.0,7000.0,1,0.125,max,mid_0,0.25,60,51.26209742377916,0.0002898275349237889,15.0,10.0,4.47213595499958e-06
42,Yangtze,414670.02347383596,0.5176887918626718,2000,2000,5.9999999999999995e-05,0.0003,0.005,0.7562720443428349,250,0.2,4,0.5,1.0,2,0.6,1.0,7000.0,1,0.125,mid_0,min,0.25,91,51.26209742377916,0.0002898275349237889,7.745966692414836,10.0,1e-06
43,Yangtze,414670.02347383596,0.5176887918626718,2000,2000,5.9999999999999995e-05,0.0003,0.005,0.7562720443428349,250,0.2,4,0.5,1.0,2,0.6,1.0,7000.0,1,0.125,mid_0,max,0.25,91,51.26209742377916,0.0002898275349237889,7.745966692414836,10.0,2e-05
44,Yangtze,414670.02347383596,0.5176887918626718,2000,2000,5.9999999999999995e-05,0.0003,0.005,0.7562720443428349,250,0.2,4,0.5,1.0,2,0.6,1.0,7000.0,1,0.125,mid_0,mid_0,0.25,91,51.26209742377916,0.0002898275349237889,7.745966692414836,10.0,4.47213595499958e-06
45,Red River,335840.31196757447,0.4044788762008115,1000,1000,5e-05,0.000354,0.0225,0.8304349371762603,150,0.26666666699999997,1,0.3,1.0,2,0.6,0.8,9000.0,3,0.078571429,min,min,0.155,21,51.26209742377916,0.0002898275349237889,4.92,10.0,8.64e-07
46,Red River,335840.31196757447,0.4044788762008115,1000,1000,5e-05,0.000354,0.0225,0.8304349371762603,150,0.26666666699999997,1,0.3,1.0,2,0.6,0.8,9000.0,3,0.078571429,min,max,0.155,21,51.26209742377916,0.0002898275349237889,4.92,10.0,0.00864
47,Red River,335840.31196757447,0.4044788762008115,1000,1000,5e-05,0.000354,0.0225,0.8304349371762603,150,0.26666666699999997,1,0.3,1.0,2,0.6,0.8,9000.0,3,0.078571429,min,mid_0,0.155,21,51.26209742377916,0.0002898275349237889,4.92,10.0,8.639999999999999e-05
48,Red River,335840.31196757447,0.4044788762008115,1000,1000,5e-05,0.000354,0.0225,0.8304349371762603,150,0.26666666699999997,1,0.3,1.0,2,0.6,0.8,9000.0,3,0.078571429,max,min,0.155,52,51.26209742377916,0.0002898275349237889,29.4,10.0,8.64e-07
49,Red River,335840.31196757447,0.4044788762008115,1000,1000,5e-05,0.000354,0.0225,0.8304349371762603,150,0.26666666699999997,1,0.3,1.0,2,0.6,0.8,9000.0,3,0.078571429,max,max,0.155,52,51.26209742377916,0.0002898275349237889,29.4,10.0,0.00864
50,Red River,335840.31196757447,0.4044788762008115,1000,1000,5e-05,0.000354,0.0225,0.8304349371762603,150,0.26666666699999997,1,0.3,1.0,2,0.6,0.8,9000.0,3,0.078571429,max,mid_0,0.155,52,51.26209742377916,0.0002898275349237889,29.4,10.0,8.639999999999999e-05
51,Red River,335840.31196757447,0.4044788762008115,1000,1000,5e-05,0.000354,0.0225,0.8304349371762603,150,0.26666666699999997,1,0.3,1.0,2,0.6,0.8,9000.0,3,0.078571429,mid_0,min,0.155,83,51.26209742377916,0.0002898275349237889,12.026969693152134,10.0,8.64e-07
52,Red River,335840.31196757447,0.4044788762008115,1000,1000,5e-05,0.000354,0.0225,0.8304349371762603,150,0.26666666699999997,1,0.3,1.0,2,0.6,0.8,9000.0,3,0.078571429,mid_0,max,0.155,83,51.26209742377916,0.0002898275349237889,12.026969693152134,10.0,0.00864
53,Red River,335840.31196757447,0.4044788762008115,1000,1000,5e-05,0.000354,0.0225,0.8304349371762603,150,0.26666666699999997,1,0.3,1.0,2,0.6,0.8,9000.0,3,0.078571429,mid_0,mid_0,0.155,83,51.26209742377916,0.0002898275349237889,12.026969693152134,10.0,8.639999999999999e-05
54,Ganges-Brahmaputra,534569.9985902407,0.6258675187020657,2000,2000,9e-05,0.0005,0.026,0.9857633304539348,500,0.5,50,0.75,1.0,30,0.6,0.1,7000.0,4,0.545454545,min,min,0.25,5,51.26209742377916,0.0006126826258349423,17.3,10.0,0.0008640000000000001
55,Ganges-Brahmaputra,534569.9985902407,0.6258675187020657,2000,2000,9e-05,0.0005,0.026,0.9857633304539348,500,0.5,50,0.75,1.0,30,0.6,0.1,7000.0,4,0.545454545,min,max,0.25,5,51.26209742377916,0.0006126826258349423,17.3,10.0,0.00778
56,Ganges-Brahmaputra,534569.9985902407,0.6258675187020657,2000,2000,9e-05,0.0005,0.026,0.9857633304539348,500,0.5,50,0.75,1.0,30,0.6,0.1,7000.0,4,0.545454545,min,mid_0,0.25,5,51.26209742377916,0.0006126826258349423,17.3,10.0,0.0025926665809548268
57,Ganges-Brahmaputra,534569.9985902407,0.6258675187020657,2000,2000,9e-05,0.0005,0.026,0.9857633304539348,500,0.5,50,0.75,1.0,30,0.6,0.1,7000.0,4,0.545454545,max,min,0.25,36,51.26209742377916,0.0006126826258349423,69.1,10.0,0.0008640000000000001
58,Ganges-Brahmaputra,534569.9985902407,0.6258675187020657,2000,2000,9e-05,0.0005,0.026,0.9857633304539348,500,0.5,50,0.75,1.0,30,0.6,0.1,7000.0,4,0.545454545,max,max,0.25,36,51.26209742377916,0.0006126826258349423,69.1,10.0,0.00778
59,Ganges-Brahmaputra,534569.9985902407,0.6258675187020657,2000,2000,9e-05,0.0005,0.026,0.9857633304539348,500,0.5,50,0.75,1.0,30,0.6,0.1,7000.0,4,0.545454545,max,mid_0,0.25,36,51.26209742377916,0.0006126826258349423,69.1,10.0,0.0025926665809548268
60,Ganges-Brahmaputra,534569.9985902407,0.6258675187020657,2000,2000,9e-05,0.0005,0.026,0.9857633304539348,500,0.5,50,0.75,1.0,30,0.6,0.1,7000.0,4,0.545454545,mid_0,min,0.25,67,51.26209742377916,0.0006126826258349423,34.57499096167632,10.0,0.0008640000000000001
61,Ganges-Brahmaputra,534569.9985902407,0.6258675187020657,2000,2000,9e-05,0.0005,0.026,0.9857633304539348,500,0.5,50,0.75,1.0,30,0.6,0.1,7000.0,4,0.545454545,mid_0,max,0.25,67,51.26209742377916,0.0006126826258349423,34.57499096167632,10.0,0.00778
62,Ganges-Brahmaputra,534569.9985902407,0.6258675187020657,2000,2000,9e-05,0.0005,0.026,0.9857633304539348,500,0.5,50,0.75,1.0,30,0.6,0.1,7000.0,4,0.545454545,mid_0,mid_0,0.25,67,51.26209742377916,0.0006126826258349423,34.57499096167632,10.0,0.0025926665809548268
63,Yellow River,380576.1155652792,0.4744809465960968,1000,1000,0.001,0.00015,0.005,0.8034765261323131,300,0.1,5,0.2,0.6,2,0.6,0.2,6000.0,1,0.0,min,min,0.25,30,51.26209742377916,0.0002898275349237889,1.8,10.0,0.00018
64,Yellow River,380576.1155652792,0.4744809465960968,1000,1000,0.001,0.00015,0.005,0.8034765261323131,300,0.1,5,0.2,0.6,2,0.6,0.2,6000.0,1,0.0,min,max,0.25,30,51.26209742377916,0.0002898275349237889,1.8,10.0,0.02
65,Yellow River,380576.1155652792,0.4744809465960968,1000,1000,0.001,0.00015,0.005,0.8034765261323131,300,0.1,5,0.2,0.6,2,0.6,0.2,6000.0,1,0.0,min,mid_0,0.25,30,51.26209742377916,0.0002898275349237889,1.8,10.0,0.0018973665961010285
66,Yellow River,380576.1155652792,0.4744809465960968,1000,1000,0.001,0.00015,0.005,0.8034765261323131,300,0.1,5,0.2,0.6,2,0.6,0.2,6000.0,1,0.0,max,min,0.25,61,51.26209742377916,0.0002898275349237889,200.0,10.0,0.00018
67,Yellow River,380576.1155652792,0.4744809465960968,1000,1000,0.001,0.00015,0.005,0.8034765261323131,300,0.1,5,0.2,0.6,2,0.6,0.2,6000.0,1,0.0,max,max,0.25,61,51.26209742377916,0.0002898275349237889,200.0,10.0,0.02
68,Yellow River,380576.1155652792,0.4744809465960968,1000,1000,0.001,0.00015,0.005,0.8034765261323131,300,0.1,5,0.2,0.6,2,0.6,0.2,6000.0,1,0.0,max,mid_0,0.25,61,51.26209742377916,0.0002898275349237889,200.0,10.0,0.0018973665961010285
69,Yellow River,380576.1155652792,0.4744809465960968,1000,1000,0.001,0.00015,0.005,0.8034765261323131,300,0.1,5,0.2,0.6,2,0.6,0.2,6000.0,1,0.0,mid_0,min,0.25,92,51.26209742377916,0.0002898275349237889,18.973665961010276,10.0,0.00018
70,Yellow River,380576.1155652792,0.4744809465960968,1000,1000,0.001,0.00015,0.005,0.8034765261323131,300,0.1,5,0.2,0.6,2,0.6,0.2,6000.0,1,0.0,mid_0,max,0.25,92,51.26209742377916,0.0002898275349237889,18.973665961010276,10.0,0.02
71,Yellow River,380576.1155652792,0.4744809465960968,1000,1000,0.001,0.00015,0.005,0.8034765261323131,300,0.1,5,0.2,0.6,2,0.6,0.2,6000.0,1,0.0,mid_0,mid_0,0.25,92,51.26209742377916,0.0002898275349237889,18.973665961010276,10.0,0.0018973665961010285
72,Rhone,108056.67514173462,0.42684657347782856,500,500,0.00011,0.00133,0.0267,1.4367655820574183,100,0.2,1,0.1,0.8,2,0.6,0.5,6000.0,1,0.0,min,min,0.25,23,51.26209742377916,0.0002898275349237889,0.64,10.0,7.775000000000001e-06
73,Rhone,108056.67514173462,0.42684657347782856,500,500,0.00011,0.00133,0.0267,1.4367655820574183,100,0.2,1,0.1,0.8,2,0.6,0.5,6000.0,1,0.0,min,max,0.25,23,51.26209742377916,0.0002898275349237889,0.64,10.0,0.15000000000000002
74,Rhone,108056.67514173462,0.42684657347782856,500,500,0.00011,0.00133,0.0267,1.4367655820574183,100,0.2,1,0.1,0.8,2,0.6,0.5,6000.0,1,0.0,min,mid_0,0.25,23,51.26209742377916,0.0002898275349237889,0.64,10.0,0.0010799305533227594
75,Rhone,108056.67514173462,0.42684657347782856,500,500,0.00011,0.00133,0.0267,1.4367655820574183,100,0.2,1,0.1,0.8,2,0.6,0.5,6000.0,1,0.0,max,min,0.25,54,51.26209742377916,0.0002898275349237889,1060.0,10.0,7.775000000000001e-06
76,Rhone,108056.67514173462,0.42684657347782856,500,500,0.00011,0.00133,0.0267,1.4367655820574183,100,0.2,1,0.1,0.8,2,0.6,0.5,6000.0,1,0.0,max,max,0.25,54,51.26209742377916,0.0002898275349237889,1060.0,10.0,0.15000000000000002
77,Rhone,108056.67514173462,0.42684657347782856,500,500,0.00011,0.00133,0.0267,1.4367655820574183,100,0.2,1,0.1,0.8,2,0.6,0.5,6000.0,1,0.0,max,mid_0,0.25,54,51.26209742377916,0.0002898275349237889,1060.0,10.0,0.0010799305533227594
78,Rhone,108056.67514173462,0.42684657347782856,500,500,0.00011,0.00133,0.0267,1.4367655820574183,100,0.2,1,0.1,0.8,2,0.6,0.5,6000.0,1,0.0,mid_0,min,0.25,85,51.26209742377916,0.0002898275349237889,26.046112953759547,10.0,7.775000000000001e-06
79,Rhone,108056.67514173462,0.42684657347782856,500,500,0.00011,0.00133,0.0267,1.4367655820574183,100,0.2,1,0.1,0.8,2,0.6,0.5,6000.0,1,0.0,mid_0,max,0.25,85,51.26209742377916,0.0002898275349237889,26.046112953759547,10.0,0.15000000000000002
80,Rhone,108056.67514173462,0.42684657347782856,500,500,0.00011,0.00133,0.0267,1.4367655820574183,100,0.2,1,0.1,0.8,2,0.6,0.5,6000.0,1,0.0,mid_0,mid_0,0.25,85,51.26209742377916,0.0002898275349237889,26.046112953759547,10.0,0.0010799305533227594
81,Po,255804.37191750322,0.21815253390391645,1000,1000,4e-05,0.0004,0.0133,1.2890645708947202,1000,0.3,10,0.5,0.0,2,0.6,0.428571429,6000.0,1,0.0,min,min,0.25,20,51.26209742377916,0.00042399999999999984,0.0864,10.0,8.64e-06
82,Po,255804.37191750322,0.21815253390391645,1000,1000,4e-05,0.0004,0.0133,1.2890645708947202,1000,0.3,10,0.5,0.0,2,0.6,0.428571429,6000.0,1,0.0,min,max,0.25,20,51.26209742377916,0.00042399999999999984,0.0864,10.0,0.0008640000000000001
83,Po,255804.37191750322,0.21815253390391645,1000,1000,4e-05,0.0004,0.0133,1.2890645708947202,1000,0.3,10,0.5,0.0,2,0.6,0.428571429,6000.0,1,0.0,min,mid_0,0.25,20,51.26209742377916,0.00042399999999999984,0.0864,10.0,8.639999999999999e-05
84,Po,255804.37191750322,0.21815253390391645,1000,1000,4e-05,0.0004,0.0133,1.2890645708947202,1000,0.3,10,0.5,0.0,2,0.6,0.428571429,6000.0,1,0.0,max,min,0.25,51,51.26209742377916,0.00042399999999999984,86.4,10.0,8.64e-06
85,Po,255804.37191750322,0.21815253390391645,1000,1000,4e-05,0.0004,0.0133,1.2890645708947202,1000,0.3,10,0.5,0.0,2,0.6,0.428571429,6000.0,1,0.0,max,max,0.25,51,51.26209742377916,0.00042399999999999984,86.4,10.0,0.0008640000000000001
86,Po,255804.37191750322,0.21815253390391645,1000,1000,4e-05,0.0004,0.0133,1.2890645708947202,1000,0.3,10,0.5,0.0,2,0.6,0.428571429,6000.0,1,0.0,max,mid_0,0.25,51,51.26209742377916,0.00042399999999999984,86.4,10.0,8.639999999999999e-05
87,Po,255804.37191750322,0.21815253390391645,1000,1000,4e-05,0.0004,0.0133,1.2890645708947202,1000,0.3,10,0.5,0.0,2,0.6,0.428571429,6000.0,1,0.0,mid_0,min,0.25,82,51.26209742377916,0.00042399999999999984,2.7322078983854805,10.0,8.64e-06
88,Po,255804.37191750322,0.21815253390391645,1000,1000,4e-05,0.0004,0.0133,1.2890645708947202,1000,0.3,10,0.5,0.0,2,0.6,0.428571429,6000.0,1,0.0,mid_0,max,0.25,82,51.26209742377916,0.00042399999999999984,2.7322078983854805,10.0,0.0008640000000000001
89,Po,255804.37191750322,0.21815253390391645,1000,1000,4e-05,0.0004,0.0133,1.2890645708947202,1000,0.3,10,0.5,0.0,2,0.6,0.428571429,6000.0,1,0.0,mid_0,mid_0,0.25,82,51.26209742377916,0.00042399999999999984,2.7322078983854805,10.0,8.639999999999999e-05
90,Burdekin,161357.2454045883,0.19716494129325896,1000,1000,0.0005,0.000667,0.016,1.8708408791198865,100,0.1,2,0.6,1.0,2,0.6,1.0,10000.0,2,0.0,min,min,0.3,1,51.26209742377916,0.0002545633516435547,10.0,1.0,7.775000000000001e-06
91,Burdekin,161357.2454045883,0.19716494129325896,1000,1000,0.0005,0.000667,0.016,1.8708408791198865,100,0.1,2,0.6,1.0,2,0.6,1.0,10000.0,2,0.0,min,max,0.3,1,51.26209742377916,0.0002545633516435547,10.0,1.0,0.15000000000000002
92,Burdekin,161357.2454045883,0.19716494129325896,1000,1000,0.0005,0.000667,0.016,1.8708408791198865,100,0.1,2,0.6,1.0,2,0.6,1.0,10000.0,2,0.0,min,mid_0,0.3,1,51.26209742377916,0.0002545633516435547,10.0,1.0,0.0010799305533227594
93,Burdekin,161357.2454045883,0.19716494129325896,1000,1000,0.0005,0.000667,0.016,1.8708408791198865,100,0.1,2,0.6,1.0,2,0.6,1.0,10000.0,2,0.0,max,min,0.3,32,51.26209742377916,0.0002545633516435547,200.0,1.0,7.775000000000001e-06
94,Burdekin,161357.2454045883,0.19716494129325896,1000,1000,0.0005,0.000667,0.016,1.8708408791198865,100,0.1,2,0.6,1.0,2,0.6,1.0,10000.0,2,0.0,max,max,0.3,32,51.26209742377916,0.0002545633516435547,200.0,1.0,0.15000000000000002
95,Burdekin,161357.2454045883,0.19716494129325896,1000,1000,0.0005,0.000667,0.016,1.8708408791198865,100,0.1,2,0.6,1.0,2,0.6,1.0,10000.0,2,0.0,max,mid_0,0.3,32,51.26209742377916,0.0002545633516435547,200.0,1.0,0.0010799305533227594
96,Burdekin,161357.2454045883,0.19716494129325896,1000,1000,0.0005,0.000667,0.016,1.8708408791198865,100,0.1,2,0.6,1.0,2,0.6,1.0,10000.0,2,0.0,mid_0,min,0.3,63,51.26209742377916,0.0002545633516435547,44.721359549995796,1.0,7.775000000000001e-06
97,Burdekin,161357.2454045883,0.19716494129325896,1000,1000,0.0005,0.000667,0.016,1.8708408791198865,100,0.1,2,0.6,1.0,2,0.6,1.0,10000.0,2,0.0,mid_0,max,0.3,63,51.26209742377916,0.0002545633516435547,44.721359549995796,1.0,0.15000000000000002
98,Burdekin,161357.2454045883,0.19716494129325896,1000,1000,0.0005,0.000667,0.016,1.8708408791198865,100,0.1,2,0.6,1.0,2,0.6,1.0,10000.0,2,0.0,mid_0,mid_0,0.3,63,51.26209742377916,0.0002545633516435547,44.721359549995796,1.0,0.0010799305533227594
99,Fraser,218900.53259457345,0.08634301785633024,1000,1000,5.9999999999999995e-05,0.00267,0.105,1.1694088762861072,300,0.666666667,1,0.6,1.0,1,0.6,1.0,10000.0,2,0.0,min,min,0.35,4,51.26209742377916,0.0004743795948394071,0.0864,10.0,8.64e-06
100,Fraser,218900.53259457345,0.08634301785633024,1000,1000,5.9999999999999995e-05,0.00267,0.105,1.1694088762861072,300,0.666666667,1,0.6,1.0,1,0.6,1.0,10000.0,2,0.0,min,max,0.35,4,51.26209742377916,0.0004743795948394071,0.0864,10.0,0.00864
101,Fraser,218900.53259457345,0.08634301785633024,1000,1000,5.9999999999999995e-05,0.00267,0.105,1.1694088762861072,300,0.666666667,1,0.6,1.0,1,0.6,1.0,10000.0,2,0.0,min,mid_0,0.35,4,51.26209742377916,0.0004743795948394071,0.0864,10.0,0.00027322078983854794
102,Fraser,218900.53259457345,0.08634301785633024,1000,1000,5.9999999999999995e-05,0.00267,0.105,1.1694088762861072,300,0.666666667,1,0.6,1.0,1,0.6,1.0,10000.0,2,0.0,max,min,0.35,35,51.26209742377916,0.0004743795948394071,43.2,10.0,8.64e-06
103,Fraser,218900.53259457345,0.08634301785633024,1000,1000,5.9999999999999995e-05,0.00267,0.105,1.1694088762861072,300,0.666666667,1,0.6,1.0,1,0.6,1.0,10000.0,2,0.0,max,max,0.35,35,51.26209742377916,0.0004743795948394071,43.2,10.0,0.00864
104,Fraser,218900.53259457345,0.08634301785633024,1000,1000,5.9999999999999995e-05,0.00267,0.105,1.1694088762861072,300,0.666666667,1,0.6,1.0,1,0.6,1.0,10000.0,2,0.0,max,mid_0,0.35,35,51.26209742377916,0.0004743795948394071,43.2,10.0,0.00027322078983854794
105,Fraser,218900.53259457345,0.08634301785633024,1000,1000,5.9999999999999995e-05,0.00267,0.105,1.1694088762861072,300,0.666666667,1,0.6,1.0,1,0.6,1.0,10000.0,2,0.0,mid_0,min,0.35,66,51.26209742377916,0.0004743795948394071,1.9319627325598188,10.0,8.64e-06
106,Fraser,218900.53259457345,0.08634301785633024,1000,1000,5.9999999999999995e-05,0.00267,0.105,1.1694088762861072,300,0.666666667,1,0.6,1.0,1,0.6,1.0,10000.0,2,0.0,mid_0,max,0.35,66,51.26209742377916,0.0004743795948394071,1.9319627325598188,10.0,0.00864
107,Fraser,218900.53259457345,0.08634301785633024,1000,1000,5.9999999999999995e-05,0.00267,0.105,1.1694088762861072,300,0.666666667,1,0.6,1.0,1,0.6,1.0,10000.0,2,0.0,mid_0,mid_0,0.35,66,51.26209742377916,0.0004743795948394071,1.9319627325598188,10.0,0.00027322078983854794
108,Llobregat,10109.529898387202,0.9700327043491312,500,500,0.000667,0.001,0.028,1.6727175436141792,50,0.4,1,0.9,0.5,1,0.6,0.9,10900.0,1,0.0,min,min,0.2,13,51.26209742377916,0.0009380831519646864,0.27,10.0,2.5e-08
109,Llobregat,10109.529898387202,0.9700327043491312,500,500,0.000667,0.001,0.028,1.6727175436141792,50,0.4,1,0.9,0.5,1,0.6,0.9,10900.0,1,0.0,min,max,0.2,13,51.26209742377916,0.0009380831519646864,0.27,10.0,0.011
110,Llobregat,10109.529898387202,0.9700327043491312,500,500,0.000667,0.001,0.028,1.6727175436141792,50,0.4,1,0.9,0.5,1,0.6,0.9,10900.0,1,0.0,min,mid_0,0.2,13,51.26209742377916,0.0009380831519646864,0.27,10.0,1.6583123951777004e-05
111,Llobregat,10109.529898387202,0.9700327043491312,500,500,0.000667,0.001,0.028,1.6727175436141792,50,0.4,1,0.9,0.5,1,0.6,0.9,10900.0,1,0.0,max,min,0.2,44,51.26209742377916,0.0009380831519646864,1040.0,10.0,2.5e-08
112,Llobregat,10109.529898387202,0.9700327043491312,500,500,0.000667,0.001,0.028,1.6727175436141792,50,0.4,1,0.9,0.5,1,0.6,0.9,10900.0,1,0.0,max,max,0.2,44,51.26209742377916,0.0009380831519646864,1040.0,10.0,0.011
113,Llobregat,10109.529898387202,0.9700327043491312,500,500,0.000667,0.001,0.028,1.6727175436141792,50,0.4,1,0.9,0.5,1,0.6,0.9,10900.0,1,0.0,max,mid_0,0.2,44,51.26209742377916,0.0009380831519646864,1040.0,10.0,1.6583123951777004e-05
114,Llobregat,10109.529898387202,0.9700327043491312,500,500,0.000667,0.001,0.028,1.6727175436141792,50,0.4,1,0.9,0.5,1,0.6,0.9,10900.0,1,0.0,mid_0,min,0.2,75,51.26209742377916,0.0009380831519646864,16.75708805252273,10.0,2.5e-08
115,Llobregat,10109.529898387202,0.9700327043491312,500,500,0.000667,0.001,0.028,1.6727175436141792,50,0.4,1,0.9,0.5,1,0.6,0.9,10900.0,1,0.0,mid_0,max,0.2,75,51.26209742377916,0.0009380831519646864,16.75708805252273,10.0,0.011
116,Llobregat,10109.529898387202,0.9700327043491312,500,500,0.000667,0.001,0.028,1.6727175436141792,50,0.4,1,0.9,0.5,1,0.6,0.9,10900.0,1,0.0,mid_0,mid_0,0.2,75,51.26209742377916,0.0009380831519646864,16.75708805252273,10.0,1.6583123951777004e-05
117,Jakarta,249991.12481209481,0.1999715983904248,1000,1000,0.004,5e-05,0.03,1.0508460809727795,200,0.25,4,0.4,0.5,2,0.6,0.33783783799999995,6500.0,6,0.0,min,min,0.25,10,51.26209742377916,0.0002898275349237889,0.8640000000000001,10.0,0.00864
118,Jakarta,249991.12481209481,0.1999715983904248,1000,1000,0.004,5e-05,0.03,1.0508460809727795,200,0.25,4,0.4,0.5,2,0.6,0.33783783799999995,6500.0,6,0.0,min,max,0.25,10,51.26209742377916,0.0002898275349237889,0.8640000000000001,10.0,0.00864
119,Jakarta,249991.12481209481,0.1999715983904248,1000,1000,0.004,5e-05,0.03,1.0508460809727795,200,0.25,4,0.4,0.5,2,0.6,0.33783783799999995,6500.0,6,0.0,min,mid_0,0.25,10,51.26209742377916,0.0002898275349237889,0.8640000000000001,10.0,0.008639999999999998
120,Jakarta,249991.12481209481,0.1999715983904248,1000,1000,0.004,5e-05,0.03,1.0508460809727795,200,0.25,4,0.4,0.5,2,0.6,0.33783783799999995,6500.0,6,0.0,max,min,0.25,41,51.26209742377916,0.0002898275349237889,0.8640000000000001,10.0,0.00864
121,Jakarta,249991.12481209481,0.1999715983904248,1000,1000,0.004,5e-05,0.03,1.0508460809727795,200,0.25,4,0.4,0.5,2,0.6,0.33783783799999995,6500.0,6,0.0,max,max,0.25,41,51.26209742377916,0.0002898275349237889,0.8640000000000001,10.0,0.00864
122,Jakarta,249991.12481209481,0.1999715983904248,1000,1000,0.004,5e-05,0.03,1.0508460809727795,200,0.25,4,0.4,0.5,2,0.6,0.33783783799999995,6500.0,6,0.0,max,mid_0,0.25,41,51.26209742377916,0.0002898275349237889,0.8640000000000001,10.0,0.008639999999999998
123,Jakarta,249991.12481209481,0.1999715983904248,1000,1000,0.004,5e-05,0.03,1.0508460809727795,200,0.25,4,0.4,0.5,2,0.6,0.33783783799999995,6500.0,6,0.0,mid_0,min,0.25,72,51.26209742377916,0.0002898275349237889,0.8640000000000001,10.0,0.00864
124,Jakarta,249991.12481209481,0.1999715983904248,1000,1000,0.004,5e-05,0.03,1.0508460809727795,200,0.25,4,0.4,0.5,2,0.6,0.33783783799999995,6500.0,6,0.0,mid_0,max,0.25,72,51.26209742377916,0.0002898275349237889,0.8640000000000001,10.0,0.00864
125,Jakarta,249991.12481209481,0.1999715983904248,1000,1000,0.004,5e-05,0.03,1.0508460809727795,200,0.25,4,0.4,0.5,2,0.6,0.33783783799999995,6500.0,6,0.0,mid_0,mid_0,0.25,72,51.26209742377916,0.0002898275349237889,0.8640000000000001,10.0,0.008639999999999998
126,Donana,68971.11847622134,0.308923412858594,500,500,0.0025,0.002,0.025,1.303254479241171,250,0.1,0,0.2,0.7,2,0.6,1.0,6900.0,2,0.0,min,min,0.25,7,51.26209742377916,0.0,3.0,5.477225575051661,0.33299999999999996
127,Donana,68971.11847622134,0.308923412858594,500,500,0.0025,0.002,0.025,1.303254479241171,250,0.1,0,0.2,0.7,2,0.6,1.0,6900.0,2,0.0,min,max,0.25,7,51.26209742377916,0.0,3.0,5.477225575051661,0.33299999999999996
128,Donana,68971.11847622134,0.308923412858594,500,500,0.0025,0.002,0.025,1.303254479241171,250,0.1,0,0.2,0.7,2,0.6,1.0,6900.0,2,0.0,min,mid_0,0.25,7,51.26209742377916,0.0,3.0,5.477225575051661,0.33299999999999996
129,Donana,68971.11847622134,0.308923412858594,500,500,0.0025,0.002,0.025,1.303254479241171,250,0.1,0,0.2,0.7,2,0.6,1.0,6900.0,2,0.0,max,min,0.25,38,51.26209742377916,0.0,245.0,5.477225575051661,0.33299999999999996
130,Donana,68971.11847622134,0.308923412858594,500,500,0.0025,0.002,0.025,1.303254479241171,250,0.1,0,0.2,0.7,2,0.6,1.0,6900.0,2,0.0,max,max,0.25,38,51.26209742377916,0.0,245.0,5.477225575051661,0.33299999999999996
131,Donana,68971.11847622134,0.308923412858594,500,500,0.0025,0.002,0.025,1.303254479241171,250,0.1,0,0.2,0.7,2,0.6,1.0,6900.0,2,0.0,max,mid_0,0.25,38,51.26209742377916,0.0,245.0,5.477225575051661,0.33299999999999996
132,Donana,68971.11847622134,0.308923412858594,500,500,0.0025,0.002,0.025,1.303254479241171,250,0.1,0,0.2,0.7,2,0.6,1.0,6900.0,2,0.0,mid_0,min,0.25,69,51.26209742377916,0.0,27.110883423451927,5.477225575051661,0.33299999999999996
133,Donana,68971.11847622134,0.308923412858594,500,500,0.0025,0.002,0.025,1.303254479241171,250,0.1,0,0.2,0.7,2,0.6,1.0,6900.0,2,0.0,mid_0,max,0.25,69,51.26209742377916,0.0,27.110883423451927,5.477225575051661,0.33299999999999996
134,Donana,68971.11847622134,0.308923412858594,500,500,0.0025,0.002,0.025,1.303254479241171,250,0.1,0,0.2,0.7,2,0.6,1.0,6900.0,2,0.0,mid_0,mid_0,0.25,69,51.26209742377916,0.0,27.110883423451927,5.477225575051661,0.33299999999999996
135,Mahanadi,138677.87042580656,0.5953107249330323,1000,1000,0.0001,0.001,0.022,1.568004733427155,105,0.380952381,1,0.5,1.0,2,0.6,0.5,6000.0,5,0.0,min,min,0.25,14,51.26209742377916,0.0007612332099954659,8.3,10.0,0.003
136,Mahanadi,138677.87042580656,0.5953107249330323,1000,1000,0.0001,0.001,0.022,1.568004733427155,105,0.380952381,1,0.5,1.0,2,0.6,0.5,6000.0,5,0.0,min,max,0.25,14,51.26209742377916,0.0007612332099954659,8.3,10.0,0.008
137,Mahanadi,138677.87042580656,0.5953107249330323,1000,1000,0.0001,0.001,0.022,1.568004733427155,105,0.380952381,1,0.5,1.0,2,0.6,0.5,6000.0,5,0.0,min,mid_0,0.25,14,51.26209742377916,0.0007612332099954659,8.3,10.0,0.004898979485566358
138,Mahanadi,138677.87042580656,0.5953107249330323,1000,1000,0.0001,0.001,0.022,1.568004733427155,105,0.380952381,1,0.5,1.0,2,0.6,0.5,6000.0,5,0.0,max,min,0.25,45,51.26209742377916,0.0007612332099954659,85.0,10.0,0.003
139,Mahanadi,138677.87042580656,0.5953107249330323,1000,1000,0.0001,0.001,0.022,1.568004733427155,105,0.380952381,1,0.5,1.0,2,0.6,0.5,6000.0,5,0.0,max,max,0.25,45,51.26209742377916,0.0007612332099954659,85.0,10.0,0.008
140,Mahanadi,138677.87042580656,0.5953107249330323,1000,1000,0.0001,0.001,0.022,1.568004733427155,105,0.380952381,1,0.5,1.0,2,0.6,0.5,6000.0,5,0.0,max,mid_0,0.25,45,51.26209742377916,0.0007612332099954659,85.0,10.0,0.004898979485566358
141,Mahanadi,138677.87042580656,0.5953107249330323,1000,1000,0.0001,0.001,0.022,1.568004733427155,105,0.380952381,1,0.5,1.0,2,0.6,0.5,6000.0,5,0.0,mid_0,min,0.25,76,51.26209742377916,0.0007612332099954659,26.56124997058685,10.0,0.003
142,Mahanadi,138677.87042580656,0.5953107249330323,1000,1000,0.0001,0.001,0.022,1.568004733427155,105,0.380952381,1,0.5,1.0,2,0.6,0.5,6000.0,5,0.0,mid_0,max,0.25,76,51.26209742377916,0.0007612332099954659,26.56124997058685,10.0,0.008
143,Mahanadi,138677.87042580656,0.5953107249330323,1000,1000,0.0001,0.001,0.022,1.568004733427155,105,0.380952381,1,0.5,1.0,2,0.6,0.5,6000.0,5,0.0,mid_0,mid_0,0.25,76,51.26209742377916,0.0007612332099954659,26.56124997058685,10.0,0.004898979485566358
144,Vistula,249418.58501398648,0.19813513500293206,1000,1000,2e-05,0.000133,0.0164,0.885369893618177,120,0.444444444,1,0.5,0.9,1,0.6,0.0,0.0,2,0.0,min,min,0.25,27,2.2821773211124508,0.0002981744455851306,5.8,10.0,0.0016
145,Vistula,249418.58501398648,0.19813513500293206,1000,1000,2e-05,0.000133,0.0164,0.885369893618177,120,0.444444444,1,0.5,0.9,1,0.6,0.0,0.0,2,0.0,min,max,0.25,27,2.2821773211124508,0.0002981744455851306,5.8,10.0,0.0086
146,Vistula,249418.58501398648,0.19813513500293206,1000,1000,2e-05,0.000133,0.0164,0.885369893618177,120,0.444444444,1,0.5,0.9,1,0.6,0.0,0.0,2,0.0,min,mid_0,0.25,27,2.2821773211124508,0.0002981744455851306,5.8,10.0,0.003709447398198285
147,Vistula,249418.58501398648,0.19813513500293206,1000,1000,2e-05,0.000133,0.0164,0.885369893618177,120,0.444444444,1,0.5,0.9,1,0.6,0.0,0.0,2,0.0,max,min,0.25,58,2.2821773211124508,0.0002981744455851306,168.0,10.0,0.0016
148,Vistula,249418.58501398648,0.19813513500293206,1000,1000,2e-05,0.000133,0.0164,0.885369893618177,120,0.444444444,1,0.5,0.9,1,0.6,0.0,0.0,2,0.0,max,max,0.25,58,2.2821773211124508,0.0002981744455851306,168.0,10.0,0.0086
149,Vistula,249418.58501398648,0.19813513500293206,1000,1000,2e-05,0.000133,0.0164,0.885369893618177,120,0.444444444,1,0.5,0.9,1,0.6,0.0,0.0,2,0.0,max,mid_0,0.25,58,2.2821773211124508,0.0002981744455851306,168.0,10.0,0.003709447398198285
150,Vistula,249418.58501398648,0.19813513500293206,1000,1000,2e-05,0.000133,0.0164,0.885369893618177,120,0.444444444,1,0.5,0.9,1,0.6,0.0,0.0,2,0.0,mid_0,min,0.25,89,2.2821773211124508,0.0002981744455851306,31.215380824202676,10.0,0.0016
151,Vistula,249418.58501398648,0.19813513500293206,1000,1000,2e-05,0.000133,0.0164,0.885369893618177,120,0.444444444,1,0.5,0.9,1,0.6,0.0,0.0,2,0.0,mid_0,max,0.25,89,2.2821773211124508,0.0002981744455851306,31.215380824202676,10.0,0.0086
152,Vistula,249418.58501398648,0.19813513500293206,1000,1000,2e-05,0.000133,0.0164,0.885369893618177,120,0.444444444,1,0.5,0.9,1,0.6,0.0,0.0,2,0.0,mid_0,mid_0,0.25,89,2.2821773211124508,0.0002981744455851306,31.215380824202676,10.0,0.003709447398198285
153,Mekong,431969.7018720626,0.5370045650580503,2000,2000,2.9999999999999997e-05,0.000429,0.03,1.0034407073659313,500,0.5,8,0.4,1.0,2,0.6,1.0,8000.0,4,0.181818182,min,min,0.25,15,51.26209742377916,0.0006356099432828286,0.518,3.0,5.18e-06
154,Mekong,431969.7018720626,0.5370045650580503,2000,2000,2.9999999999999997e-05,0.000429,0.03,1.0034407073659313,500,0.5,8,0.4,1.0,2,0.6,1.0,8000.0,4,0.181818182,min,max,0.25,15,51.26209742377916,0.0006356099432828286,0.518,3.0,0.0864
155,Mekong,431969.7018720626,0.5370045650580503,2000,2000,2.9999999999999997e-05,0.000429,0.03,1.0034407073659313,500,0.5,8,0.4,1.0,2,0.6,1.0,8000.0,4,0.181818182,min,mid_0,0.25,15,51.26209742377916,0.0006356099432828286,0.518,3.0,0.0006689932735087851
156,Mekong,431969.7018720626,0.5370045650580503,2000,2000,2.9999999999999997e-05,0.000429,0.03,1.0034407073659313,500,0.5,8,0.4,1.0,2,0.6,1.0,8000.0,4,0.181818182,max,min,0.25,46,51.26209742377916,0.0006356099432828286,67.5,3.0,5.18e-06
157,Mekong,431969.7018720626,0.5370045650580503,2000,2000,2.9999999999999997e-05,0.000429,0.03,1.0034407073659313,500,0.5,8,0.4,1.0,2,0.6,1.0,8000.0,4,0.181818182,max,max,0.25,46,51.26209742377916,0.0006356099432828286,67.5,3.0,0.0864
158,Mekong,431969.7018720626,0.5370045650580503,2000,2000,2.9999999999999997e-05,0.000429,0.03,1.0034407073659313,500,0.5,8,0.4,1.0,2,0.6,1.0,8000.0,4,0.181818182,max,mid_0,0.25,46,51.26209742377916,0.0006356099432828286,67.5,3.0,0.0006689932735087851
159,Mekong,431969.7018720626,0.5370045650580503,2000,2000,2.9999999999999997e-05,0.000429,0.03,1.0034407073659313,500,0.5,8,0.4,1.0,2,0.6,1.0,8000.0,4,0.181818182,mid_0,min,0.25,77,51.26209742377916,0.0006356099432828286,5.913121003328106,3.0,5.18e-06
160,Mekong,431969.7018720626,0.5370045650580503,2000,2000,2.9999999999999997e-05,0.000429,0.03,1.0034407073659313,500,0.5,8,0.4,1.0,2,0.6,1.0,8000.0,4,0.181818182,mid_0,max,0.25,77,51.26209742377916,0.0006356099432828286,5.913121003328106,3.0,0.0864
161,Mekong,431969.7018720626,0.5370045650580503,2000,2000,2.9999999999999997e-05,0.000429,0.03,1.0034407073659313,500,0.5,8,0.4,1.0,2,0.6,1.0,8000.0,4,0.181818182,mid_0,mid_0,0.25,77,51.26209742377916,0.0006356099432828286,5.913121003328106,3.0,0.0006689932735087851
162,Volta,81992.01325513469,0.431309845559446,500,500,0.00015,0.00133,0.025,1.381859723409817,300,0.0,2,0.8,0.0,2,0.6,0.2,5500.0,1,0.0,min,min,0.25,28,51.26209742377916,0.0004194746714642021,2.0,10.0,7.775000000000001e-06
163,Volta,81992.01325513469,0.431309845559446,500,500,0.00015,0.00133,0.025,1.381859723409817,300,0.0,2,0.8,0.0,2,0.6,0.2,5500.0,1,0.0,min,max,0.25,28,51.26209742377916,0.0004194746714642021,2.0,10.0,0.15000000000000002
164,Volta,81992.01325513469,0.431309845559446,500,500,0.00015,0.00133,0.025,1.381859723409817,300,0.0,2,0.8,0.0,2,0.6,0.2,5500.0,1,0.0,min,mid_0,0.25,28,51.26209742377916,0.0004194746714642021,2.0,10.0,0.0010799305533227594
165,Volta,81992.01325513469,0.431309845559446,500,500,0.00015,0.00133,0.025,1.381859723409817,300,0.0,2,0.8,0.0,2,0.6,0.2,5500.0,1,0.0,max,min,0.25,59,51.26209742377916,0.0004194746714642021,18.0,10.0,7.775000000000001e-06
166,Volta,81992.01325513469,0.431309845559446,500,500,0.00015,0.00133,0.025,1.381859723409817,300,0.0,2,0.8,0.0,2,0.6,0.2,5500.0,1,0.0,max,max,0.25,59,51.26209742377916,0.0004194746714642021,18.0,10.0,0.15000000000000002
167,Volta,81992.01325513469,0.431309845559446,500,500,0.00015,0.00133,0.025,1.381859723409817,300,0.0,2,0.8,0.0,2,0.6,0.2,5500.0,1,0.0,max,mid_0,0.25,59,51.26209742377916,0.0004194746714642021,18.0,10.0,0.0010799305533227594
168,Volta,81992.01325513469,0.431309845559446,500,500,0.00015,0.00133,0.025,1.381859723409817,300,0.0,2,0.8,0.0,2,0.6,0.2,5500.0,1,0.0,mid_0,min,0.25,90,51.26209742377916,0.0004194746714642021,6.0,10.0,7.775000000000001e-06
169,Volta,81992.01325513469,0.431309845559446,500,500,0.00015,0.00133,0.025,1.381859723409817,300,0.0,2,0.8,0.0,2,0.6,0.2,5500.0,1,0.0,mid_0,max,0.25,90,51.26209742377916,0.0004194746714642021,6.0,10.0,0.15000000000000002
170,Volta,81992.01325513469,0.431309845559446,500,500,0.00015,0.00133,0.025,1.381859723409817,300,0.0,2,0.8,0.0,2,0.6,0.2,5500.0,1,0.0,mid_0,mid_0,0.25,90,51.26209742377916,0.0004194746714642021,6.0,10.0,0.0010799305533227594
171,Tokar,117730.61834412724,0.37861470553910254,500,500,0.00107,0.004,0.016,1.1196919491976678,250,0.2,2,0.5,0.3,2,0.6,0.75,6000.0,1,0.0,min,min,0.25,26,51.26209742377916,4.110000000000001e-05,1.79,10.0,7.775000000000001e-06
172,Tokar,117730.61834412724,0.37861470553910254,500,500,0.00107,0.004,0.016,1.1196919491976678,250,0.2,2,0.5,0.3,2,0.6,0.75,6000.0,1,0.0,min,max,0.25,26,51.26209742377916,4.110000000000001e-05,1.79,10.0,0.15000000000000002
173,Tokar,117730.61834412724,0.37861470553910254,500,500,0.00107,0.004,0.016,1.1196919491976678,250,0.2,2,0.5,0.3,2,0.6,0.75,6000.0,1,0.0,min,mid_0,0.25,26,51.26209742377916,4.110000000000001e-05,1.79,10.0,0.0010799305533227594
174,Tokar,117730.61834412724,0.37861470553910254,500,500,0.00107,0.004,0.016,1.1196919491976678,250,0.2,2,0.5,0.3,2,0.6,0.75,6000.0,1,0.0,max,min,0.25,57,51.26209742377916,4.110000000000001e-05,42.2,10.0,7.775000000000001e-06
175,Tokar,117730.61834412724,0.37861470553910254,500,500,0.00107,0.004,0.016,1.1196919491976678,250,0.2,2,0.5,0.3,2,0.6,0.75,6000.0,1,0.0,max,max,0.25,57,51.26209742377916,4.110000000000001e-05,42.2,10.0,0.15000000000000002
176,Tokar,117730.61834412724,0.37861470553910254,500,500,0.00107,0.004,0.016,1.1196919491976678,250,0.2,2,0.5,0.3,2,0.6,0.75,6000.0,1,0.0,max,mid_0,0.25,57,51.26209742377916,4.110000000000001e-05,42.2,10.0,0.0010799305533227594
177,Tokar,117730.61834412724,0.37861470553910254,500,500,0.00107,0.004,0.016,1.1196919491976678,250,0.2,2,0.5,0.3,2,0.6,0.75,6000.0,1,0.0,mid_0,min,0.25,88,51.26209742377916,4.110000000000001e-05,8.691259977701737,10.0,7.775000000000001e-06
178,Tokar,117730.61834412724,0.37861470553910254,500,500,0.00107,0.004,0.016,1.1196919491976678,250,0.2,2,0.5,0.3,2,0.6,0.75,6000.0,1,0.0,mid_0,max,0.25,88,51.26209742377916,4.110000000000001e-05,8.691259977701737,10.0,0.15000000000000002
179,Tokar,117730.61834412724,0.37861470553910254,500,500,0.00107,0.004,0.016,1.1196919491976678,250,0.2,2,0.5,0.3,2,0.6,0.75,6000.0,1,0.0,mid_0,mid_0,0.25,88,51.26209742377916,4.110000000000001e-05,8.691259977701737,10.0,0.0010799305533227594
180,Ebro,75413.83784362242,0.1904917134894112,500,500,0.00021,0.0020800000000000003,0.04,1.9062787985130785,100,0.25,0,0.9,0.5,2,0.6,0.5,7000.0,1,0.0,min,min,0.25,3,51.26209742377916,0.0002898275349237889,0.64,10.0,7.775000000000001e-06
181,Ebro,75413.83784362242,0.1904917134894112,500,500,0.00021,0.0020800000000000003,0.04,1.9062787985130785,100,0.25,0,0.9,0.5,2,0.6,0.5,7000.0,1,0.0,min,max,0.25,3,51.26209742377916,0.0002898275349237889,0.64,10.0,0.15000000000000002
182,Ebro,75413.83784362242,0.1904917134894112,500,500,0.00021,0.0020800000000000003,0.04,1.9062787985130785,100,0.25,0,0.9,0.5,2,0.6,0.5,7000.0,1,0.0,min,mid_0,0.25,3,51.26209742377916,0.0002898275349237889,0.64,10.0,0.0010799305533227594
183,Ebro,75413.83784362242,0.1904917134894112,500,500,0.00021,0.0020800000000000003,0.04,1.9062787985130785,100,0.25,0,0.9,0.5,2,0.6,0.5,7000.0,1,0.0,max,min,0.25,34,51.26209742377916,0.0002898275349237889,1060.0,10.0,7.775000000000001e-06
184,Ebro,75413.83784362242,0.1904917134894112,500,500,0.00021,0.0020800000000000003,0.04,1.9062787985130785,100,0.25,0,0.9,0.5,2,0.6,0.5,7000.0,1,0.0,max,max,0.25,34,51.26209742377916,0.0002898275349237889,1060.0,10.0,0.15000000000000002
185,Ebro,75413.83784362242,0.1904917134894112,500,500,0.00021,0.0020800000000000003,0.04,1.9062787985130785,100,0.25,0,0.9,0.5,2,0.6,0.5,7000.0,1,0.0,max,mid_0,0.25,34,51.26209742377916,0.0002898275349237889,1060.0,10.0,0.0010799305533227594
186,Ebro,75413.83784362242,0.1904917134894112,500,500,0.00021,0.0020800000000000003,0.04,1.9062787985130785,100,0.25,0,0.9,0.5,2,0.6,0.5,7000.0,1,0.0,mid_0,min,0.25,65,51.26209742377916,0.0002898275349237889,26.046112953759547,10.0,7.775000000000001e-06
187,Ebro,75413.83784362242,0.1904917134894112,500,500,0.00021,0.0020800000000000003,0.04,1.9062787985130785,100,0.25,0,0.9,0.5,2,0.6,0.5,7000.0,1,0.0,mid_0,max,0.25,65,51.26209742377916,0.0002898275349237889,26.046112953759547,10.0,0.15000000000000002
188,Ebro,75413.83784362242,0.1904917134894112,500,500,0.00021,0.0020800000000000003,0.04,1.9062787985130785,100,0.25,0,0.9,0.5,2,0.6,0.5,7000.0,1,0.0,mid_0,mid_0,0.25,65,51.26209742377916,0.0002898275349237889,26.046112953759547,10.0,0.0010799305533227594
189,Shatt al-Arab,476486.0420925234,0.58026052741926,2000,2000,0.00022,0.00015,0.02,0.24645709255522003,700,0.11428571400000001,2,0.5,1.0,2,0.6,1.0,6000.0,1,0.24,min,min,0.25,25,51.26209742377916,0.0,0.0994,6.708203932499369,0.0011099999999999999
190,Shatt al-Arab,476486.0420925234,0.58026052741926,2000,2000,0.00022,0.00015,0.02,0.24645709255522003,700,0.11428571400000001,2,0.5,1.0,2,0.6,1.0,6000.0,1,0.24,min,max,0.25,25,51.26209742377916,0.0,0.0994,6.708203932499369,0.47600000000000003
191,Shatt al-Arab,476486.0420925234,0.58026052741926,2000,2000,0.00022,0.00015,0.02,0.24645709255522003,700,0.11428571400000001,2,0.5,1.0,2,0.6,1.0,6000.0,1,0.24,min,mid_0,0.25,25,51.26209742377916,0.0,0.0994,6.708203932499369,0.022986082745870384
192,Shatt al-Arab,476486.0420925234,0.58026052741926,2000,2000,0.00022,0.00015,0.02,0.24645709255522003,700,0.11428571400000001,2,0.5,1.0,2,0.6,1.0,6000.0,1,0.24,max,min,0.25,56,51.26209742377916,0.0,3.33,6.708203932499369,0.0011099999999999999
193,Shatt al-Arab,476486.0420925234,0.58026052741926,2000,2000,0.00022,0.00015,0.02,0.24645709255522003,700,0.11428571400000001,2,0.5,1.0,2,0.6,1.0,6000.0,1,0.24,max,max,0.25,56,51.26209742377916,0.0,3.33,6.708203932499369,0.47600000000000003
194,Shatt al-Arab,476486.0420925234,0.58026052741926,2000,2000,0.00022,0.00015,0.02,0.24645709255522003,700,0.11428571400000001,2,0.5,1.0,2,0.6,1.0,6000.0,1,0.24,max,mid_0,0.25,56,51.26209742377916,0.0,3.33,6.708203932499369,0.022986082745870384
195,Shatt al-Arab,476486.0420925234,0.58026052741926,2000,2000,0.00022,0.00015,0.02,0.24645709255522003,700,0.11428571400000001,2,0.5,1.0,2,0.6,1.0,6000.0,1,0.24,mid_0,min,0.25,87,51.26209742377916,0.0,0.5753277326880742,6.708203932499369,0.0011099999999999999
196,Shatt al-Arab,476486.0420925234,0.58026052741926,2000,2000,0.00022,0.00015,0.02,0.24645709255522003,700,0.11428571400000001,2,0.5,1.0,2,0.6,1.0,6000.0,1,0.24,mid_0,max,0.25,87,51.26209742377916,0.0,0.5753277326880742,6.708203932499369,0.47600000000000003
197,Shatt al-Arab,476486.0420925234,0.58026052741926,2000,2000,0.00022,0.00015,0.02,0.24645709255522003,700,0.11428571400000001,2,0.5,1.0,2,0.6,1.0,6000.0,1,0.24,mid_0,mid_0,0.25,87,51.26209742377916,0.0,0.5753277326880742,6.708203932499369,0.022986082745870384
198,Mississippi,377008.46190969687,0.5221232565767404,1000,1000,2e-05,0.0015,0.03,1.0518479052371306,1000,0.6,30,0.5,1.0,2,0.6,1.0,8000.0,1,0.0,min,min,0.3,16,51.26209742377916,0.0002898275349237889,0.3,10.0,0.004
199,Mississippi,377008.46190969687,0.5221232565767404,1000,1000,2e-05,0.0015,0.03,1.0518479052371306,1000,0.6,30,0.5,1.0,2,0.6,1.0,8000.0,1,0.0,min,max,0.3,16,51.26209742377916,0.0002898275349237889,0.3,10.0,0.004
200,Mississippi,377008.46190969687,0.5221232565767404,1000,1000,2e-05,0.0015,0.03,1.0518479052371306,1000,0.6,30,0.5,1.0,2,0.6,1.0,8000.0,1,0.0,min,mid_0,0.3,16,51.26209742377916,0.0002898275349237889,0.3,10.0,0.004000000000000001
201,Mississippi,377008.46190969687,0.5221232565767404,1000,1000,2e-05,0.0015,0.03,1.0518479052371306,1000,0.6,30,0.5,1.0,2,0.6,1.0,8000.0,1,0.0,max,min,0.3,47,51.26209742377916,0.0002898275349237889,114.0,10.0,0.004
202,Mississippi,377008.46190969687,0.5221232565767404,1000,1000,2e-05,0.0015,0.03,1.0518479052371306,1000,0.6,30,0.5,1.0,2,0.6,1.0,8000.0,1,0.0,max,max,0.3,47,51.26209742377916,0.0002898275349237889,114.0,10.0,0.004
203,Mississippi,377008.46190969687,0.5221232565767404,1000,1000,2e-05,0.0015,0.03,1.0518479052371306,1000,0.6,30,0.5,1.0,2,0.6,1.0,8000.0,1,0.0,max,mid_0,0.3,47,51.26209742377916,0.0002898275349237889,114.0,10.0,0.004000000000000001
204,Mississippi,377008.46190969687,0.5221232565767404,1000,1000,2e-05,0.0015,0.03,1.0518479052371306,1000,0.6,30,0.5,1.0,2,0.6,1.0,8000.0,1,0.0,mid_0,min,0.3,78,51.26209742377916,0.0002898275349237889,5.848076606885377,10.0,0.004
205,Mississippi,377008.46190969687,0.5221232565767404,1000,1000,2e-05,0.0015,0.03,1.0518479052371306,1000,0.6,30,0.5,1.0,2,0.6,1.0,8000.0,1,0.0,mid_0,max,0.3,78,51.26209742377916,0.0002898275349237889,5.848076606885377,10.0,0.004
206,Mississippi,377008.46190969687,0.5221232565767404,1000,1000,2e-05,0.0015,0.03,1.0518479052371306,1000,0.6,30,0.5,1.0,2,0.6,1.0,8000.0,1,0.0,mid_0,mid_0,0.3,78,51.26209742377916,0.0002898275349237889,5.848076606885377,10.0,0.004000000000000001
207,Saloum,105516.91307381826,0.6948382251230674,500,500,4.1700000000000004e-05,0.00264,0.0222,0.56361763177424,80,1.0,1,0.1,0.0,2,0.6,0.9,4500.0,2,1.6666666669999999,min,min,0.25,24,51.26209742377916,0.0,1.47,10.0,7.775000000000001e-06
208,Saloum,105516.91307381826,0.6948382251230674,500,500,4.1700000000000004e-05,0.00264,0.0222,0.56361763177424,80,1.0,1,0.1,0.0,2,0.6,0.9,4500.0,2,1.6666666669999999,min,max,0.25,24,51.26209742377916,0.0,1.47,10.0,0.15000000000000002
209,Saloum,105516.91307381826,0.6948382251230674,500,500,4.1700000000000004e-05,0.00264,0.0222,0.56361763177424,80,1.0,1,0.1,0.0,2,0.6,0.9,4500.0,2,1.6666666669999999,min,mid_0,0.25,24,51.26209742377916,0.0,1.47,10.0,0.0010799305533227594
210,Saloum,105516.91307381826,0.6948382251230674,500,500,4.1700000000000004e-05,0.00264,0.0222,0.56361763177424,80,1.0,1,0.1,0.0,2,0.6,0.9,4500.0,2,1.6666666669999999,max,min,0.25,55,51.26209742377916,0.0,190.0,10.0,7.775000000000001e-06
211,Saloum,105516.91307381826,0.6948382251230674,500,500,4.1700000000000004e-05,0.00264,0.0222,0.56361763177424,80,1.0,1,0.1,0.0,2,0.6,0.9,4500.0,2,1.6666666669999999,max,max,0.25,55,51.26209742377916,0.0,190.0,10.0,0.15000000000000002
212,Saloum,105516.91307381826,0.6948382251230674,500,500,4.1700000000000004e-05,0.00264,0.0222,0.56361763177424,80,1.0,1,0.1,0.0,2,0.6,0.9,4500.0,2,1.6666666669999999,max,mid_0,0.25,55,51.26209742377916,0.0,190.0,10.0,0.0010799305533227594
213,Saloum,105516.91307381826,0.6948382251230674,500,500,4.1700000000000004e-05,0.00264,0.0222,0.56361763177424,80,1.0,1,0.1,0.0,2,0.6,0.9,4500.0,2,1.6666666669999999,mid_0,min,0.25,86,51.26209742377916,0.0,16.712270940838646,10.0,7.775000000000001e-06
214,Saloum,105516.91307381826,0.6948382251230674,500,500,4.1700000000000004e-05,0.00264,0.0222,0.56361763177424,80,1.0,1,0.1,0.0,2,0.6,0.9,4500.0,2,1.6666666669999999,mid_0,max,0.25,86,51.26209742377916,0.0,16.712270940838646,10.0,0.15000000000000002
215,Saloum,105516.91307381826,0.6948382251230674,500,500,4.1700000000000004e-05,0.00264,0.0222,0.56361763177424,80,1.0,1,0.1,0.0,2,0.6,0.9,4500.0,2,1.6666666669999999,mid_0,mid_0,0.25,86,51.26209742377916,0.0,16.712270940838646,10.0,0.0010799305533227594
216,Nile,221163.62569128358,0.7923100376126286,1000,1000,9e-05,0.002,0.02,1.042138899949504,1000,0.2,4,0.4,1.0,2,0.6,0.15,8000.0,2,0.0,min,min,0.25,18,100.0,0.0,6.6,31.622776601683793,1e-05
217,Nile,221163.62569128358,0.7923100376126286,1000,1000,9e-05,0.002,0.02,1.042138899949504,1000,0.2,4,0.4,1.0,2,0.6,0.15,8000.0,2,0.0,min,max,0.25,18,100.0,0.0,6.6,31.622776601683793,0.655
218,Nile,221163.62569128358,0.7923100376126286,1000,1000,9e-05,0.002,0.02,1.042138899949504,1000,0.2,4,0.4,1.0,2,0.6,0.15,8000.0,2,0.0,min,mid_0,0.25,18,100.0,0.0,6.6,31.622776601683793,0.0025592967784139457
219,Nile,221163.62569128358,0.7923100376126286,1000,1000,9e-05,0.002,0.02,1.042138899949504,1000,0.2,4,0.4,1.0,2,0.6,0.15,8000.0,2,0.0,max,min,0.25,49,100.0,0.0,100.0,31.622776601683793,1e-05
220,Nile,221163.62569128358,0.7923100376126286,1000,1000,9e-05,0.002,0.02,1.042138899949504,1000,0.2,4,0.4,1.0,2,0.6,0.15,8000.0,2,0.0,max,max,0.25,49,100.0,0.0,100.0,31.622776601683793,0.655
221,Nile,221163.62569128358,0.7923100376126286,1000,1000,9e-05,0.002,0.02,1.042138899949504,1000,0.2,4,0.4,1.0,2,0.6,0.15,8000.0,2,0.0,max,mid_0,0.25,49,100.0,0.0,100.0,31.622776601683793,0.0025592967784139457
222,Nile,221163.62569128358,0.7923100376126286,1000,1000,9e-05,0.002,0.02,1.042138899949504,1000,0.2,4,0.4,1.0,2,0.6,0.15,8000.0,2,0.0,mid_0,min,0.25,80,100.0,0.0,25.690465157330248,31.622776601683793,1e-05
223,Nile,221163.62569128358,0.7923100376126286,1000,1000,9e-05,0.002,0.02,1.042138899949504,1000,0.2,4,0.4,1.0,2,0.6,0.15,8000.0,2,0.0,mid_0,max,0.25,80,100.0,0.0,25.690465157330248,31.622776601683793,0.655
224,Nile,221163.62569128358,0.7923100376126286,1000,1000,9e-05,0.002,0.02,1.042138899949504,1000,0.2,4,0.4,1.0,2,0.6,0.15,8000.0,2,0.0,mid_0,mid_0,0.25,80,100.0,0.0,25.690465157330248,31.622776601683793,0.0025592967784139457
225,Krishna,143965.84523838345,0.5088510974641131,1000,1000,0.00047000000000000004,0.0016699999999999998,0.04,1.1476245970748329,260,0.615384615,3,0.6,1.0,1,0.6,0.5,6000.0,1,0.0,min,min,0.25,12,51.26209742377916,0.0002898275349237889,0.64,10.0,7.775000000000001e-06
226,Krishna,143965.84523838345,0.5088510974641131,1000,1000,0.00047000000000000004,0.0016699999999999998,0.04,1.1476245970748329,260,0.615384615,3,0.6,1.0,1,0.6,0.5,6000.0,1,0.0,min,max,0.25,12,51.26209742377916,0.0002898275349237889,0.64,10.0,0.15000000000000002
227,Krishna,143965.84523838345,0.5088510974641131,1000,1000,0.00047000000000000004,0.0016699999999999998,0.04,1.1476245970748329,260,0.615384615,3,0.6,1.0,1,0.6,0.5,6000.0,1,0.0,min,mid_0,0.25,12,51.26209742377916,0.0002898275349237889,0.64,10.0,0.0010799305533227594
228,Krishna,143965.84523838345,0.5088510974641131,1000,1000,0.00047000000000000004,0.0016699999999999998,0.04,1.1476245970748329,260,0.615384615,3,0.6,1.0,1,0.6,0.5,6000.0,1,0.0,max,min,0.25,43,51.26209742377916,0.0002898275349237889,1060.0,10.0,7.775000000000001e-06
229,Krishna,143965.84523838345,0.5088510974641131,1000,1000,0.00047000000000000004,0.0016699999999999998,0.04,1.1476245970748329,260,0.615384615,3,0.6,1.0,1,0.6,0.5,6000.0,1,0.0,max,max,0.25,43,51.26209742377916,0.0002898275349237889,1060.0,10.0,0.15000000000000002
230,Krishna,143965.84523838345,0.5088510974641131,1000,1000,0.00047000000000000004,0.0016699999999999998,0.04,1.1476245970748329,260,0.615384615,3,0.6,1.0,1,0.6,0.5,6000.0,1,0.0,max,mid_0,0.25,43,51.26209742377916,0.0002898275349237889,1060.0,10.0,0.0010799305533227594
231,Krishna,143965.84523838345,0.5088510974641131,1000,1000,0.00047000000000000004,0.0016699999999999998,0.04,1.1476245970748329,260,0.615384615,3,0.6,1.0,1,0.6,0.5,6000.0,1,0.0,mid_0,min,0.25,74,51.26209742377916,0.0002898275349237889,26.046112953759547,10.0,7.775000000000001e-06
232,Krishna,143965.84523838345,0.5088510974641131,1000,1000,0.00047000000000000004,0.0016699999999999998,0.04,1.1476245970748329,260,0.615384615,3,0.6,1.0,1,0.6,0.5,6000.0,1,0.0,mid_0,max,0.25,74,51.26209742377916,0.0002898275349237889,26.046112953759547,10.0,0.15000000000000002
233,Krishna,143965.84523838345,0.5088510974641131,1000,1000,0.00047000000000000004,0.0016699999999999998,0.04,1.1476245970748329,260,0.615384615,3,0.6,1.0,1,0.6,0.5,6000.0,1,0.0,mid_0,mid_0,0.25,74,51.26209742377916,0.0002898275349237889,26.046112953759547,10.0,0.0010799305533227594
234,Godovari,160672.31279515402,0.4069800414604578,1000,1000,0.00027,0.0033299999999999996,0.029,1.8897327771268302,440,0.113636364,3,0.6,1.0,3,0.6,0.4,6000.0,2,0.0,min,min,0.25,6,51.26209742377916,0.0002898275349237889,0.64,10.0,7.775000000000001e-06
235,Godovari,160672.31279515402,0.4069800414604578,1000,1000,0.00027,0.0033299999999999996,0.029,1.8897327771268302,440,0.113636364,3,0.6,1.0,3,0.6,0.4,6000.0,2,0.0,min,max,0.25,6,51.26209742377916,0.0002898275349237889,0.64,10.0,0.15000000000000002
236,Godovari,160672.31279515402,0.4069800414604578,1000,1000,0.00027,0.0033299999999999996,0.029,1.8897327771268302,440,0.113636364,3,0.6,1.0,3,0.6,0.4,6000.0,2,0.0,min,mid_0,0.25,6,51.26209742377916,0.0002898275349237889,0.64,10.0,0.0010799305533227594
237,Godovari,160672.31279515402,0.4069800414604578,1000,1000,0.00027,0.0033299999999999996,0.029,1.8897327771268302,440,0.113636364,3,0.6,1.0,3,0.6,0.4,6000.0,2,0.0,max,min,0.25,37,51.26209742377916,0.0002898275349237889,1060.0,10.0,7.775000000000001e-06
238,Godovari,160672.31279515402,0.4069800414604578,1000,1000,0.00027,0.0033299999999999996,0.029,1.8897327771268302,440,0.113636364,3,0.6,1.0,3,0.6,0.4,6000.0,2,0.0,max,max,0.25,37,51.26209742377916,0.0002898275349237889,1060.0,10.0,0.15000000000000002
239,Godovari,160672.31279515402,0.4069800414604578,1000,1000,0.00027,0.0033299999999999996,0.029,1.8897327771268302,440,0.113636364,3,0.6,1.0,3,0.6,0.4,6000.0,2,0.0,max,mid_0,0.25,37,51.26209742377916,0.0002898275349237889,1060.0,10.0,0.0010799305533227594
240,Godovari,160672.31279515402,0.4069800414604578,1000,1000,0.00027,0.0033299999999999996,0.029,1.8897327771268302,440,0.113636364,3,0.6,1.0,3,0.6,0.4,6000.0,2,0.0,mid_0,min,0.25,68,51.26209742377916,0.0002898275349237889,26.046112953759547,10.0,7.775000000000001e-06
241,Godovari,160672.31279515402,0.4069800414604578,1000,1000,0.00027,0.0033299999999999996,0.029,1.8897327771268302,440,0.113636364,3,0.6,1.0,3,0.6,0.4,6000.0,2,0.0,mid_0,max,0.25,68,51.26209742377916,0.0002898275349237889,26.046112953759547,10.0,0.15000000000000002
242,Godovari,160672.31279515402,0.4069800414604578,1000,1000,0.00027,0.0033299999999999996,0.029,1.8897327771268302,440,0.113636364,3,0.6,1.0,3,0.6,0.4,6000.0,2,0.0,mid_0,mid_0,0.25,68,51.26209742377916,0.0002898275349237889,26.046112953759547,10.0,0.0010799305533227594
243,Niger,243117.53184786646,0.7582754523833557,1000,1000,7e-05,0.00065,0.0363,1.1278943276536215,1700,1.176470588,20,0.3,0.5,2,0.6,0.3,5500.0,14,0.0,min,min,0.25,17,51.26209742377916,0.0002898275349237889,18.1,10.0,7.775000000000001e-06
244,Niger,243117.53184786646,0.7582754523833557,1000,1000,7e-05,0.00065,0.0363,1.1278943276536215,1700,1.176470588,20,0.3,0.5,2,0.6,0.3,5500.0,14,0.0,min,max,0.25,17,51.26209742377916,0.0002898275349237889,18.1,10.0,0.15000000000000002
245,Niger,243117.53184786646,0.7582754523833557,1000,1000,7e-05,0.00065,0.0363,1.1278943276536215,1700,1.176470588,20,0.3,0.5,2,0.6,0.3,5500.0,14,0.0,min,mid_0,0.25,17,51.26209742377916,0.0002898275349237889,18.1,10.0,0.0010799305533227594
246,Niger,243117.53184786646,0.7582754523833557,1000,1000,7e-05,0.00065,0.0363,1.1278943276536215,1700,1.176470588,20,0.3,0.5,2,0.6,0.3,5500.0,14,0.0,max,min,0.25,48,51.26209742377916,0.0002898275349237889,148.0,10.0,7.775000000000001e-06
247,Niger,243117.53184786646,0.7582754523833557,1000,1000,7e-05,0.00065,0.0363,1.1278943276536215,1700,1.176470588,20,0.3,0.5,2,0.6,0.3,5500.0,14,0.0,max,max,0.25,48,51.26209742377916,0.0002898275349237889,148.0,10.0,0.15000000000000002
248,Niger,243117.53184786646,0.7582754523833557,1000,1000,7e-05,0.00065,0.0363,1.1278943276536215,1700,1.176470588,20,0.3,0.5,2,0.6,0.3,5500.0,14,0.0,max,mid_0,0.25,48,51.26209742377916,0.0002898275349237889,148.0,10.0,0.0010799305533227594
249,Niger,243117.53184786646,0.7582754523833557,1000,1000,7e-05,0.00065,0.0363,1.1278943276536215,1700,1.176470588,20,0.3,0.5,2,0.6,0.3,5500.0,14,0.0,mid_0,min,0.25,79,51.26209742377916,0.0002898275349237889,51.757125113360004,10.0,7.775000000000001e-06
250,Niger,243117.53184786646,0.7582754523833557,1000,1000,7e-05,0.00065,0.0363,1.1278943276536215,1700,1.176470588,20,0.3,0.5,2,0.6,0.3,5500.0,14,0.0,mid_0,max,0.25,79,51.26209742377916,0.0002898275349237889,51.757125113360004,10.0,0.15000000000000002
251,Niger,243117.53184786646,0.7582754523833557,1000,1000,7e-05,0.00065,0.0363,1.1278943276536215,1700,1.176470588,20,0.3,0.5,2,0.6,0.3,5500.0,14,0.0,mid_0,mid_0,0.25,79,51.26209742377916,0.0002898275349237889,51.757125113360004,10.0,0.0010799305533227594
252,Ayeyarwady,443439.31028484966,0.5489799948689098,2000,2000,8e-05,0.0005,0.023,0.8467448127205847,3000,0.3,6,0.5,1.0,3,1.0,0.296296296,9300.0,4,0.37037037,min,min,0.25,0,51.26209742377916,0.0005577831119709519,1.44,10.0,7.775000000000001e-06
253,Ayeyarwady,443439.31028484966,0.5489799948689098,2000,2000,8e-05,0.0005,0.023,0.8467448127205847,3000,0.3,6,0.5,1.0,3,1.0,0.296296296,9300.0,4,0.37037037,min,max,0.25,0,51.26209742377916,0.0005577831119709519,1.44,10.0,0.15000000000000002
254,Ayeyarwady,443439.31028484966,0.5489799948689098,2000,2000,8e-05,0.0005,0.023,0.8467448127205847,3000,0.3,6,0.5,1.0,3,1.0,0.296296296,9300.0,4,0.37037037,min,mid_0,0.25,0,51.26209742377916,0.0005577831119709519,1.44,10.0,0.0010799305533227594
255,Ayeyarwady,443439.31028484966,0.5489799948689098,2000,2000,8e-05,0.0005,0.023,0.8467448127205847,3000,0.3,6,0.5,1.0,3,1.0,0.296296296,9300.0,4,0.37037037,max,min,0.25,31,51.26209742377916,0.0005577831119709519,167.0,10.0,7.775000000000001e-06
256,Ayeyarwady,443439.31028484966,0.5489799948689098,2000,2000,8e-05,0.0005,0.023,0.8467448127205847,3000,0.3,6,0.5,1.0,3,1.0,0.296296296,9300.0,4,0.37037037,max,max,0.25,31,51.26209742377916,0.0005577831119709519,167.0,10.0,0.15000000000000002
257,Ayeyarwady,443439.31028484966,0.5489799948689098,2000,2000,8e-05,0.0005,0.023,0.8467448127205847,3000,0.3,6,0.5,1.0,3,1.0,0.296296296,9300.0,4,0.37037037,max,mid_0,0.25,31,51.26209742377916,0.0005577831119709519,167.0,10.0,0.0010799305533227594
258,Ayeyarwady,443439.31028484966,0.5489799948689098,2000,2000,8e-05,0.0005,0.023,0.8467448127205847,3000,0.3,6,0.5,1.0,3,1.0,0.296296296,9300.0,4,0.37037037,mid_0,min,0.25,62,51.26209742377916,0.0005577831119709519,15.507417579984097,10.0,7.775000000000001e-06
259,Ayeyarwady,443439.31028484966,0.5489799948689098,2000,2000,8e-05,0.0005,0.023,0.8467448127205847,3000,0.3,6,0.5,1.0,3,1.0,0.296296296,9300.0,4,0.37037037,mid_0,max,0.25,62,51.26209742377916,0.0005577831119709519,15.507417579984097,10.0,0.15000000000000002
260,Ayeyarwady,443439.31028484966,0.5489799948689098,2000,2000,8e-05,0.0005,0.023,0.8467448127205847,3000,0.3,6,0.5,1.0,3,1.0,0.296296296,9300.0,4,0.37037037,mid_0,mid_0,0.25,62,51.26209742377916,0.0005577831119709519,15.507417579984097,10.0,0.0010799305533227594
261,Indus,341085.1364586423,0.4136361317982829,1000,1000,0.000125,0.0017800000000000001,0.0267,1.0691812320949987,250,1.0,1,0.3,1.0,2,0.6,0.18292682899999999,8000.0,1,0.213414634,min,min,0.25,9,51.26209742377916,0.0,10.0,10.0,0.02
262,Indus,341085.1364586423,0.4136361317982829,1000,1000,0.000125,0.0017800000000000001,0.0267,1.0691812320949987,250,1.0,1,0.3,1.0,2,0.6,0.18292682899999999,8000.0,1,0.213414634,min,max,0.25,9,51.26209742377916,0.0,10.0,10.0,0.3
263,Indus,341085.1364586423,0.4136361317982829,1000,1000,0.000125,0.0017800000000000001,0.0267,1.0691812320949987,250,1.0,1,0.3,1.0,2,0.6,0.18292682899999999,8000.0,1,0.213414634,min,mid_0,0.25,9,51.26209742377916,0.0,10.0,10.0,0.07745966692414835
264,Indus,341085.1364586423,0.4136361317982829,1000,1000,0.000125,0.0017800000000000001,0.0267,1.0691812320949987,250,1.0,1,0.3,1.0,2,0.6,0.18292682899999999,8000.0,1,0.213414634,max,min,0.25,40,51.26209742377916,0.0,60.0,10.0,0.02
265,Indus,341085.1364586423,0.4136361317982829,1000,1000,0.000125,0.0017800000000000001,0.0267,1.0691812320949987,250,1.0,1,0.3,1.0,2,0.6,0.18292682899999999,8000.0,1,0.213414634,max,max,0.25,40,51.26209742377916,0.0,60.0,10.0,0.3
266,Indus,341085.1364586423,0.4136361317982829,1000,1000,0.000125,0.0017800000000000001,0.0267,1.0691812320949987,250,1.0,1,0.3,1.0,2,0.6,0.18292682899999999,8000.0,1,0.213414634,max,mid_0,0.25,40,51.26209742377916,0.0,60.0,10.0,0.07745966692414835
267,Indus,341085.1364586423,0.4136361317982829,1000,1000,0.000125,0.0017800000000000001,0.0267,1.0691812320949987,250,1.0,1,0.3,1.0,2,0.6,0.18292682899999999,8000.0,1,0.213414634,mid_0,min,0.25,71,51.26209742377916,0.0,24.494897427831788,10.0,0.02
268,Indus,341085.1364586423,0.4136361317982829,1000,1000,0.000125,0.0017800000000000001,0.0267,1.0691812320949987,250,1.0,1,0.3,1.0,2,0.6,0.18292682899999999,8000.0,1,0.213414634,mid_0,max,0.25,71,51.26209742377916,0.0,24.494897427831788,10.0,0.3
269,Indus,341085.1364586423,0.4136361317982829,1000,1000,0.000125,0.0017800000000000001,0.0267,1.0691812320949987,250,1.0,1,0.3,1.0,2,0.6,0.18292682899999999,8000.0,1,0.213414634,mid_0,mid_0,0.25,71,51.26209742377916,0.0,24.494897427831788,10.0,0.07745966692414835
270,Incomati,101402.75006818943,0.5999991073625187,500,500,0.0004,0.001,0.022,0.2372982637577379,160,0.3125,2,0.5,0.0,2,0.6,0.0,0.0,1,0.615384615,min,min,0.22499999999999998,8,51.26209742377916,0.00014901879076143382,1.0,10.0,0.1
271,Incomati,101402.75006818943,0.5999991073625187,500,500,0.0004,0.001,0.022,0.2372982637577379,160,0.3125,2,0.5,0.0,2,0.6,0.0,0.0,1,0.615384615,min,max,0.22499999999999998,8,51.26209742377916,0.00014901879076143382,1.0,10.0,1.0
272,Incomati,101402.75006818943,0.5999991073625187,500,500,0.0004,0.001,0.022,0.2372982637577379,160,0.3125,2,0.5,0.0,2,0.6,0.0,0.0,1,0.615384615,min,mid_0,0.22499999999999998,8,51.26209742377916,0.00014901879076143382,1.0,10.0,0.31622776601683794
273,Incomati,101402.75006818943,0.5999991073625187,500,500,0.0004,0.001,0.022,0.2372982637577379,160,0.3125,2,0.5,0.0,2,0.6,0.0,0.0,1,0.615384615,max,min,0.22499999999999998,39,51.26209742377916,0.00014901879076143382,18.0,10.0,0.1
274,Incomati,101402.75006818943,0.5999991073625187,500,500,0.0004,0.001,0.022,0.2372982637577379,160,0.3125,2,0.5,0.0,2,0.6,0.0,0.0,1,0.615384615,max,max,0.22499999999999998,39,51.26209742377916,0.00014901879076143382,18.0,10.0,1.0
275,Incomati,101402.75006818943,0.5999991073625187,500,500,0.0004,0.001,0.022,0.2372982637577379,160,0.3125,2,0.5,0.0,2,0.6,0.0,0.0,1,0.615384615,max,mid_0,0.22499999999999998,39,51.26209742377916,0.00014901879076143382,18.0,10.0,0.31622776601683794
276,Incomati,101402.75006818943,0.5999991073625187,500,500,0.0004,0.001,0.022,0.2372982637577379,160,0.3125,2,0.5,0.0,2,0.6,0.0,0.0,1,0.615384615,mid_0,min,0.22499999999999998,70,51.26209742377916,0.00014901879076143382,4.242640687119285,10.0,0.1
277,Incomati,101402.75006818943,0.5999991073625187,500,500,0.0004,0.001,0.022,0.2372982637577379,160,0.3125,2,0.5,0.0,2,0.6,0.0,0.0,1,0.615384615,mid_0,max,0.22499999999999998,70,51.26209742377916,0.00014901879076143382,4.242640687119285,10.0,1.0
278,Incomati,101402.75006818943,0.5999991073625187,500,500,0.0004,0.001,0.022,0.2372982637577379,160,0.3125,2,0.5,0.0,2,0.6,0.0,0.0,1,0.615384615,mid_0,mid_0,0.22499999999999998,70,51.26209742377916,0.00014901879076143382,4.242640687119285,10.0,0.31622776601683794
